symbol,baseCoin,granularity,profile,lookback_days,bars,trades,wins,losses,win_rate_pct,profit_factor,gross_profit_pct,gross_loss_pct,avg_trade_pct,avg_win_pct,avg_loss_pct,expectancy_pct,max_drawdown_pct,net_return_pct,quality_score,last_close,trend_state,last_signal,last_bar_utc
VINEUSDT,VINE,4H,Manual,365,441,5,4,1,80.0,820.651,43.9556,-0.0536,8.7804,10.9889,-0.0536,8.7804,-0.0536,51.2263,3282.604,0.01866,LONG,NONE,2026-03-13T00:00:00+00:00
XDCUSDT,XDC,4H,Manual,365,441,6,6,0,100.0,inf,36.4527,0.0,6.0755,6.0755,0.0,6.0755,0.0,41.5914,30.0,0.03278,SHORT,NONE,2026-03-13T00:00:00+00:00
ATOMUSDT,ATOM,4H,Manual,365,441,5,4,1,80.0,7.4243,42.0245,-5.6604,7.2728,10.5061,-5.6604,7.2728,-5.6604,40.1044,26.2324,1.8482,LONG,NONE,2026-03-13T00:00:00+00:00
PEOPLEUSDT,PEOPLE,4H,Manual,365,441,6,5,1,83.3333,5.8195,32.9403,-5.6604,4.5467,6.5881,-5.6604,4.5467,-5.6604,28.7174,25.7027,0.00753,LONG,NONE,2026-03-13T00:00:00+00:00
JUPUSDT,JUP,4H,Manual,365,441,5,5,0,100.0,inf,28.6522,0.0,5.7304,5.7304,0.0,5.7304,0.0,31.9396,25.0,0.1675,SHORT,NONE,2026-03-13T00:00:00+00:00
SUNUSDT,SUN,4H,Manual,365,441,5,5,0,100.0,inf,23.2803,0.0,4.6561,4.6561,0.0,4.6561,0.0,25.275,25.0,0.016011,LONG,NONE,2026-03-13T00:00:00+00:00
VELODROMEUSDT,VELODROME,4H,Manual,365,441,5,4,1,80.0,6.776,37.7709,-5.5742,6.4393,9.4427,-5.5742,6.4393,-5.5742,34.4625,24.312,0.016611,SHORT,NONE,2026-03-13T00:00:00+00:00
CGPTUSDT,CGPT,4H,Manual,365,441,5,4,1,80.0,6.7144,38.0062,-5.6604,6.4692,9.5015,-5.6604,6.4692,-5.6604,34.9392,23.7241,0.02183,SHORT,NONE,2026-03-13T00:00:00+00:00
LQTYUSDT,LQTY,4H,Manual,365,441,6,5,1,83.3333,5.6711,34.0268,-6.0,4.6711,6.8054,-6.0,4.6711,-6.0,29.7584,23.6296,0.3016,LONG,NONE,2026-03-13T00:00:00+00:00
CHZUSDT,CHZ,4H,Manual,365,441,8,6,2,75.0,4.5581,54.6969,-12.0,5.3371,9.1161,-6.0,5.3371,-6.0,47.9147,22.7905,0.03759,LONG,NONE,2026-03-13T00:00:00+00:00
COMPUSDT,COMP,4H,Manual,365,441,5,4,1,80.0,6.5089,39.0536,-6.0,6.6107,9.7634,-6.0,6.6107,-6.0,35.5257,21.6963,18.32,LONG,NONE,2026-03-13T00:00:00+00:00
GRIFFAINUSDT,GRIFFAIN,4H,Manual,365,441,5,4,1,80.0,6.3663,38.1977,-6.0,6.4395,9.5494,-6.0,6.4395,-6.0,34.8376,21.221,0.00994,LONG,NONE,2026-03-13T00:00:00+00:00
GUSDT,G,4H,Manual,365,441,5,4,1,80.0,5.4909,32.9453,-6.0,5.3891,8.2363,-6.0,5.3891,-6.0,28.1389,18.303,0.003436,LONG,NONE,2026-03-13T00:00:00+00:00
BSVUSDT,BSV,4H,Manual,365,441,5,4,1,80.0,5.2929,31.7572,-6.0,5.1514,7.9393,-6.0,5.1514,-6.0,26.585,17.643,15.0,LONG,NONE,2026-03-13T00:00:00+00:00
HAEDALUSDT,HAEDAL,4H,Manual,365,441,5,4,1,80.0,4.689,26.5413,-5.6604,4.1762,6.6353,-5.6604,4.1762,-5.6604,21.1729,16.5677,0.0272,LONG,NONE,2026-03-13T00:00:00+00:00
USUSDT,US,4H,Manual,365,441,8,6,2,75.0,3.4609,41.5308,-12.0,3.6913,6.9218,-6.0,3.6913,-6.2802,30.8822,16.5324,0.003836,LONG,NONE,2026-03-13T00:00:00+00:00
1MCHEEMSUSDT,1MCHEEMS,4H,Manual,365,441,7,5,2,71.4286,3.7847,44.1312,-11.6604,4.6387,8.8262,-5.8302,4.6387,-6.0,34.3259,15.7696,0.4909,LONG,NONE,2026-03-13T00:00:00+00:00
WCTUSDT,WCT,4H,Manual,365,441,6,5,1,83.3333,3.7645,22.5868,-6.0,2.7645,4.5174,-6.0,2.7645,-6.0,16.6059,15.6854,0.0607,LONG,NONE,2026-03-13T00:00:00+00:00
APEUSDT,APE,4H,Manual,365,441,6,4,2,66.6667,3.8453,44.838,-11.6604,5.5296,11.2095,-5.8302,5.5296,-6.0,35.1843,12.8177,0.0997,SHORT,NONE,2026-03-13T00:00:00+00:00
THEUSDT,THE,4H,Manual,365,441,5,4,1,80.0,3.662,21.972,-6.0,3.1944,5.493,-6.0,3.1944,-6.0,16.0387,12.2067,0.2774,LONG,NONE,2026-03-13T00:00:00+00:00
FLUIDUSDT,FLUID,4H,Manual,365,441,6,4,2,66.6667,3.6307,42.3348,-11.6604,5.1124,10.5837,-5.8302,5.1124,-6.0,31.9418,12.1023,2.274,SHORT,NONE,2026-03-13T00:00:00+00:00
SYSUSDT,SYS,4H,Manual,365,441,6,4,2,66.6667,3.6162,43.3947,-12.0,5.2325,10.8487,-6.0,5.2325,-6.0,32.688,12.054,0.01205,LONG,NONE,2026-03-13T00:00:00+00:00
RONUSDT,RON,4H,Manual,365,441,5,4,1,80.0,3.5478,21.2865,-6.0,3.0573,5.3216,-6.0,3.0573,-6.0,15.4096,11.826,0.1009,LONG,NONE,2026-03-13T00:00:00+00:00
ARKUSDT,ARK,4H,Manual,365,441,5,4,1,80.0,3.4594,20.7562,-6.0,2.9512,5.189,-6.0,2.9512,-6.0,14.1232,11.5313,0.1791,LONG,NONE,2026-03-13T00:00:00+00:00
KERNELUSDT,KERNEL,4H,Manual,365,441,6,4,2,66.6667,3.1283,34.6814,-11.0862,3.9325,8.6704,-5.5431,3.9325,-6.0,24.018,10.4277,0.10108,LONG,NONE,2026-03-13T00:00:00+00:00
RPLUSDT,RPL,4H,Manual,365,441,5,4,1,80.0,2.9342,16.6089,-5.6604,2.1897,4.1522,-5.6604,2.1897,-5.6604,10.7153,10.3675,1.984,SHORT,NONE,2026-03-13T00:00:00+00:00
AIOUSDT,AIO,4H,Manual,365,441,6,4,2,66.6667,2.6707,30.2339,-11.3208,3.1522,7.5585,-5.6604,3.1522,-5.6604,18.6988,9.4364,0.0811,SHORT,NONE,2026-03-13T00:00:00+00:00
NOMUSDT,NOM,4H,Manual,365,441,5,3,2,60.0,3.6622,43.9469,-12.0,6.3894,14.649,-6.0,6.3894,-6.0,33.1011,9.1555,0.003516,SHORT,NONE,2026-03-13T00:00:00+00:00
SKYUSDT,SKY,4H,Manual,365,441,6,5,1,83.3333,2.0499,11.6033,-5.6604,0.9905,2.3207,-5.6604,0.9905,-5.6604,5.7888,9.0537,0.08269,LONG,NONE,2026-03-13T00:00:00+00:00
PIPPINUSDT,PIPPIN,4H,Manual,365,441,8,5,3,62.5,2.127,37.564,-17.6604,2.488,7.5128,-5.8868,2.488,-6.0,18.9968,8.8625,0.35433,SHORT,NONE,2026-03-13T00:00:00+00:00
PENGUUSDT,PENGU,4H,Manual,365,441,8,5,3,62.5,3.2005,55.4351,-17.3208,4.7643,11.087,-5.7736,4.7643,-9.3049,40.7203,8.599,0.007433,LONG,NONE,2026-03-13T00:00:00+00:00
LAYERUSDT,LAYER,4H,Manual,365,441,6,4,2,66.6667,2.5561,29.8054,-11.6604,3.0242,7.4514,-5.8302,3.0242,-6.0,17.408,8.5203,0.0842,SHORT,NONE,2026-03-13T00:00:00+00:00
VELVETUSDT,VELVET,4H,Manual,365,441,7,5,2,71.4286,2.0337,24.4045,-12.0,1.7721,4.8809,-6.0,1.7721,-6.0,11.3132,8.4738,0.07654,SHORT,NONE,2026-03-13T00:00:00+00:00
SANTOSUSDT,SANTOS,4H,Manual,365,441,5,3,2,60.0,3.3579,39.1544,-11.6604,5.4988,13.0515,-5.8302,5.4988,-6.0,27.9008,8.3948,1.313,SHORT,NONE,2026-03-13T00:00:00+00:00
OXTUSDT,OXT,4H,Manual,365,441,5,4,1,80.0,2.4624,14.7741,-6.0,1.7548,3.6935,-6.0,1.7548,-6.0,8.4946,8.208,0.01917,LONG,NONE,2026-03-13T00:00:00+00:00
DOLOUSDT,DOLO,4H,Manual,365,441,5,3,2,60.0,3.2487,24.3494,-7.495,3.3709,8.1165,-3.7475,3.3709,-6.0,16.6341,8.1218,0.03558,LONG,NONE,2026-03-13T00:00:00+00:00
DRIFTUSDT,DRIFT,4H,Manual,365,441,6,4,2,66.6667,2.4064,28.0593,-11.6604,2.7332,7.0148,-5.8302,2.7332,-6.0,15.5368,8.0213,0.082,SHORT,NONE,2026-03-13T00:00:00+00:00
RAYUSDT,RAY,4H,Manual,365,441,5,3,2,60.0,3.0863,35.9873,-11.6604,4.8654,11.9958,-5.8302,4.8654,-6.0,24.2139,7.7157,0.6254,SHORT,NONE,2026-03-13T00:00:00+00:00
1000BONKUSDT,1000BONK,4H,Manual,365,441,5,3,2,60.0,3.0811,36.9733,-12.0,4.9947,12.3244,-6.0,4.9947,-6.0,24.9104,7.7027,0.006302,LONG,NONE,2026-03-13T00:00:00+00:00
MORPHOUSDT,MORPHO,4H,Manual,365,441,6,4,2,66.6667,2.2378,26.8538,-12.0,2.4756,6.7134,-6.0,2.4756,-6.0,14.0612,7.4593,1.9975,LONG,NONE,2026-03-13T00:00:00+00:00
HYPEUSDT,HYPE,4H,Manual,365,441,6,4,2,66.6667,2.1899,26.2786,-12.0,2.3798,6.5696,-6.0,2.3798,-6.0,13.5211,7.2997,38.155,LONG,NONE,2026-03-13T00:00:00+00:00
STORJUSDT,STORJ,4H,Manual,365,441,5,3,2,60.0,2.8966,33.775,-11.6604,4.4229,11.2583,-5.8302,4.4229,-6.0,21.7889,7.2415,0.0962,LONG,NONE,2026-03-13T00:00:00+00:00
XAIUSDT,XAI,4H,Manual,365,441,7,5,2,71.4286,2.5604,29.0583,-11.3491,2.5299,5.8117,-5.6745,2.5299,-9.2309,17.3781,6.9343,0.01184,LONG,NONE,2026-03-13T00:00:00+00:00
CTCUSDT,CTC,4H,Manual,365,441,6,5,1,83.3333,1.6259,9.7551,-6.0,0.6259,1.951,-6.0,0.6259,-6.0,3.5346,6.7746,0.156,LONG,NONE,2026-03-13T00:00:00+00:00
AVNTUSDT,AVNT,4H,Manual,365,441,5,3,2,60.0,2.4404,27.6271,-11.3208,3.2613,9.209,-5.6604,3.2613,-5.6604,15.4654,6.467,0.1692,LONG,NONE,2026-03-13T00:00:00+00:00
COOKIEUSDT,COOKIE,4H,Manual,365,441,6,4,2,66.6667,1.9396,23.2757,-12.0,1.8793,5.8189,-6.0,1.8793,-6.0,9.9761,6.4653,0.02012,SHORT,NONE,2026-03-13T00:00:00+00:00
STOUSDT,STO,4H,Manual,365,441,6,4,2,66.6667,3.6315,42.3447,-11.6604,5.1141,10.5862,-5.8302,5.1141,-11.3208,31.9001,6.4156,0.06772,LONG,NONE,2026-03-13T00:00:00+00:00
CTKUSDT,CTK,4H,Manual,365,441,5,3,2,60.0,2.8822,19.7711,-6.8597,2.5823,6.5904,-3.4298,2.5823,-6.7918,12.6687,6.3655,0.173,LONG,NONE,2026-03-13T00:00:00+00:00
MBOXUSDT,MBOX,4H,Manual,365,441,7,4,3,57.1429,1.9094,33.7215,-17.6604,2.2944,8.4304,-5.8868,2.2944,-6.0,14.6144,6.3647,0.01657,SHORT,NONE,2026-03-13T00:00:00+00:00
KNCUSDT,KNC,4H,Manual,365,441,6,3,2,50.0,2.5107,17.0598,-6.7948,1.7108,5.6866,-3.3974,1.1446,-6.0,9.755,6.2767,0.1364,LONG,LONG,2026-03-13T00:00:00+00:00
HOTUSDT,HOT,4H,Manual,365,441,5,3,2,60.0,2.4141,28.1489,-11.6604,3.2977,9.383,-5.8302,3.2977,-6.0,15.5768,6.0352,0.0004129,SHORT,NONE,2026-03-13T00:00:00+00:00
STRKUSDT,STRK,4H,Manual,365,441,5,3,1,60.0,2.2724,13.6345,-6.0,1.5269,4.5448,-6.0,0.3269,-6.0,7.3554,5.681,0.042183,LONG,LONG,2026-03-13T00:00:00+00:00
BASUSDT,BAS,4H,Manual,365,441,5,3,2,60.0,2.2559,27.071,-12.0,3.0142,9.0237,-6.0,3.0142,-6.0,14.1166,5.6397,0.008267,LONG,NONE,2026-03-13T00:00:00+00:00
MEMEUSDT,MEME,4H,Manual,365,441,5,3,2,60.0,2.24,17.8932,-7.9881,1.981,5.9644,-3.9941,1.981,-6.0,9.1489,5.6,0.0006113,LONG,NONE,2026-03-13T00:00:00+00:00
BTCUSDT,BTC,4H,Manual,365,441,6,4,2,66.6667,1.5434,10.8407,-7.0241,0.6361,2.7102,-3.5121,0.6361,-6.0,3.4967,5.1447,71554.6,LONG,NONE,2026-03-13T00:00:00+00:00
SIRENUSDT,SIREN,4H,Manual,365,441,8,5,3,62.5,2.393,30.3222,-12.6713,2.2064,6.0644,-4.2238,2.2064,-11.64,17.2218,5.1396,0.5548,LONG,NONE,2026-03-13T00:00:00+00:00
SPXUSDT,SPX,4H,Manual,365,441,5,3,2,60.0,1.887,21.3618,-11.3208,2.0082,7.1206,-5.6604,2.0082,-5.6604,9.0475,5.0005,0.3254,SHORT,NONE,2026-03-13T00:00:00+00:00
BRUSDT,BR,4H,Manual,365,441,7,4,3,57.1429,1.4693,18.265,-12.4309,0.8334,4.5663,-4.1436,0.8334,-6.0,4.9466,4.8977,0.05802,SHORT,NONE,2026-03-13T00:00:00+00:00
1000XECUSDT,1000XEC,4H,Manual,365,441,6,3,3,50.0,1.9441,23.0256,-11.8436,1.8637,7.6752,-3.9479,1.8637,-6.0,9.886,4.8602,0.00708,LONG,NONE,2026-03-13T00:00:00+00:00
FUSDT,F,4H,Manual,365,441,5,3,1,60.0,1.819,10.2964,-5.6604,0.9272,3.4321,-5.6604,-0.2049,-5.6604,4.3579,4.8203,0.005999,LONG,LONG,2026-03-13T00:00:00+00:00
APRUSDT,APR,4H,Manual,365,441,10,6,4,60.0,1.6557,38.05,-22.9811,1.5069,6.3417,-5.7453,1.5069,-11.3208,12.9581,4.3876,0.11397,SHORT,NONE,2026-03-13T00:00:00+00:00
1000CATUSDT,1000CAT,4H,Manual,365,441,8,5,3,62.5,1.9041,32.6956,-17.1708,1.9406,6.5391,-5.7236,1.9406,-11.1798,14.2072,4.2579,0.001855,LONG,NONE,2026-03-13T00:00:00+00:00
SUSHIUSDT,SUSHI,4H,Manual,365,441,8,5,3,62.5,1.9518,34.4694,-17.6604,2.1011,6.8939,-5.8868,2.1011,-11.64,15.4001,4.192,0.2114,LONG,NONE,2026-03-13T00:00:00+00:00
KITEUSDT,KITE,4H,Manual,365,441,6,4,2,66.6667,2.1941,25.5842,-11.6604,2.3206,6.396,-5.8302,2.3206,-11.3208,13.5894,3.8762,0.24024,SHORT,NONE,2026-03-13T00:00:00+00:00
SOMIUSDT,SOMI,4H,Manual,365,441,5,3,2,60.0,2.9433,35.3192,-12.0,4.6638,11.7731,-6.0,4.6638,-11.64,22.9238,3.7929,0.1893,SHORT,NONE,2026-03-13T00:00:00+00:00
FETUSDT,FET,4H,Manual,365,441,5,3,2,60.0,2.8235,32.923,-11.6604,4.2525,10.9743,-5.8302,4.2525,-11.3208,21.0119,3.7411,0.1859,LONG,NONE,2026-03-13T00:00:00+00:00
XVSUSDT,XVS,4H,Manual,365,441,7,5,2,71.4286,1.0436,12.1688,-11.6604,0.0726,2.4338,-5.8302,0.0726,-7.0738,-0.0076,3.6883,3.029,LONG,NONE,2026-03-13T00:00:00+00:00
SONICUSDT,SONIC,4H,Manual,365,441,6,3,3,50.0,2.781,49.1133,-17.6604,5.2422,16.3711,-5.8868,5.2422,-11.3208,31.3243,3.6848,0.04384,SHORT,NONE,2026-03-13T00:00:00+00:00
CRVUSDT,CRV,4H,Manual,365,441,5,3,2,60.0,2.4553,25.4283,-10.3563,3.0144,8.4761,-5.1781,3.0144,-10.0905,14.2125,3.6499,0.2413,LONG,NONE,2026-03-13T00:00:00+00:00
TSTBSCUSDT,TSTBSC,4H,Manual,365,441,5,3,2,60.0,2.1888,24.5042,-11.1952,2.6618,8.1681,-5.5976,2.6618,-9.0817,12.4659,3.6152,0.01021,LONG,NONE,2026-03-13T00:00:00+00:00
VANAUSDT,VANA,4H,Manual,365,441,5,3,2,60.0,2.6969,32.3624,-12.0,4.0725,10.7875,-6.0,4.0725,-11.64,19.8076,3.4754,1.432,SHORT,NONE,2026-03-13T00:00:00+00:00
GRASSUSDT,GRASS,4H,Manual,365,441,5,3,2,60.0,2.5901,31.0816,-12.0,3.8163,10.3605,-6.0,3.8163,-11.64,18.1777,3.3378,0.3705,LONG,NONE,2026-03-13T00:00:00+00:00
HOLOUSDT,HOLO,4H,Manual,365,441,6,4,2,66.6667,1.5894,18.5325,-11.6604,1.1454,4.6331,-5.8302,1.1454,-9.5294,5.8957,3.3358,0.05902,SHORT,NONE,2026-03-13T00:00:00+00:00
MMTUSDT,MMT,4H,Manual,365,441,6,3,3,50.0,2.374,41.9254,-17.6604,4.0442,13.9751,-5.8868,4.0442,-11.3208,23.2364,3.1455,0.1294,LONG,NONE,2026-03-13T00:00:00+00:00
BATUSDT,BAT,4H,Manual,365,441,6,4,2,66.6667,1.3079,15.6947,-12.0,0.6158,3.9237,-6.0,0.6158,-8.321,2.8317,3.1436,0.0985,SHORT,NONE,2026-03-13T00:00:00+00:00
NEWTUSDT,NEWT,4H,Manual,365,441,5,3,2,60.0,2.2702,26.4716,-11.6604,2.9622,8.8239,-5.8302,2.9622,-11.3208,13.9151,3.008,0.0673,SHORT,NONE,2026-03-13T00:00:00+00:00
DENTUSDT,DENT,4H,Manual,365,441,5,3,2,60.0,2.3253,27.9035,-12.0,3.1807,9.3012,-6.0,3.1807,-11.64,14.7368,2.9965,0.0002301,LONG,NONE,2026-03-13T00:00:00+00:00
IDOLUSDT,IDOL,4H,Manual,365,441,5,3,2,60.0,2.2843,27.4117,-12.0,3.0823,9.1372,-6.0,3.0823,-11.64,14.6668,2.9437,0.02373,LONG,NONE,2026-03-13T00:00:00+00:00
CELRUSDT,CELR,4H,Manual,365,441,5,3,2,60.0,1.5057,14.7701,-9.8098,0.9921,4.9234,-4.9049,0.9921,-7.7482,4.3837,2.9149,0.002681,LONG,NONE,2026-03-13T00:00:00+00:00
NOTUSDT,NOT,4H,Manual,365,441,7,4,3,57.1429,2.4165,42.6758,-17.6604,3.5736,10.6689,-5.8868,3.5736,-16.6415,24.748,2.9042,0.0004182,LONG,NONE,2026-03-13T00:00:00+00:00
BERAUSDT,BERA,4H,Manual,365,441,5,3,2,60.0,1.1586,12.9551,-11.1819,0.3546,4.3184,-5.5909,0.3546,-6.0,1.029,2.8965,0.603,LONG,NONE,2026-03-13T00:00:00+00:00
POPCATUSDT,POPCAT,4H,Manual,365,441,6,3,3,50.0,2.1255,37.5373,-17.6604,3.3128,12.5124,-5.8868,3.3128,-11.3208,18.3431,2.8163,0.05376,LONG,NONE,2026-03-13T00:00:00+00:00
AEROUSDT,AERO,4H,Manual,365,441,5,3,2,60.0,1.8028,21.0214,-11.6604,1.8722,7.0071,-5.8302,1.8722,-9.6314,7.9401,2.8077,0.3452,SHORT,NONE,2026-03-13T00:00:00+00:00
ANIMEUSDT,ANIME,4H,Manual,365,441,6,3,2,50.0,2.0515,24.6185,-12.0,2.1031,8.2062,-6.0,1.1031,-11.64,11.6751,2.6437,0.004804,LONG,LONG,2026-03-13T00:00:00+00:00
FORTHUSDT,FORTH,4H,Manual,365,441,7,3,3,42.8571,1.6681,26.9364,-16.1481,1.5412,8.9788,-5.3827,0.7722,-9.5294,9.0868,2.6257,0.9185,LONG,LONG,2026-03-13T00:00:00+00:00
ERAUSDT,ERA,4H,Manual,365,441,5,3,2,60.0,1.7472,18.0083,-10.307,1.5403,6.0028,-5.1535,1.5403,-10.0485,6.6869,2.6082,0.1389,SHORT,NONE,2026-03-13T00:00:00+00:00
KAVAUSDT,KAVA,4H,Manual,365,441,5,3,2,60.0,2.0218,24.2616,-12.0,2.4523,8.0872,-6.0,2.4523,-11.64,10.8861,2.6054,0.06031,SHORT,NONE,2026-03-13T00:00:00+00:00
SUPERUSDT,SUPER,4H,Manual,365,441,5,3,2,60.0,1.0286,12.3437,-12.0,0.0687,4.1146,-6.0,0.0687,-6.0,-0.376,2.5715,0.1165,SHORT,NONE,2026-03-13T00:00:00+00:00
LPTUSDT,LPT,4H,Manual,365,441,6,3,3,50.0,1.59,28.0801,-17.6604,1.7366,9.36,-5.8868,1.7366,-9.5294,8.4996,2.5028,2.262,SHORT,NONE,2026-03-13T00:00:00+00:00
ACEUSDT,ACE,4H,Manual,365,441,5,3,2,60.0,1.8028,21.0214,-11.6604,1.8722,7.0071,-5.8302,1.8722,-11.3208,7.9401,2.3887,0.15,LONG,NONE,2026-03-13T00:00:00+00:00
RDNTUSDT,RDNT,4H,Manual,365,441,5,3,2,60.0,1.8028,21.0214,-11.6604,1.8722,7.0071,-5.8302,1.8722,-11.3208,7.9401,2.3887,0.00567,LONG,NONE,2026-03-13T00:00:00+00:00
ASTERUSDT,ASTER,4H,Manual,365,441,5,3,2,60.0,1.5431,18.5169,-12.0,1.3034,6.1723,-6.0,1.3034,-9.8551,5.2666,2.3487,0.7083,LONG,NONE,2026-03-13T00:00:00+00:00
AIUSDT,AI,4H,Manual,365,441,8,4,4,50.0,1.3034,30.3955,-23.3208,0.8843,7.5989,-5.8302,0.8843,-11.3208,4.6934,2.3027,0.02307,LONG,NONE,2026-03-13T00:00:00+00:00
CETUSUSDT,CETUS,4H,Manual,365,441,7,4,3,57.1429,1.2738,21.1924,-16.6371,0.6507,5.2981,-5.5457,0.6507,-11.1224,3.1387,2.2905,0.01805,LONG,NONE,2026-03-13T00:00:00+00:00
BMTUSDT,BMT,4H,Manual,365,441,5,3,2,60.0,1.7262,20.1285,-11.6604,1.6936,6.7095,-5.8302,1.6936,-11.3208,6.9943,2.2872,0.01597,LONG,NONE,2026-03-13T00:00:00+00:00
LINKUSDT,LINK,4H,Manual,365,441,5,3,2,60.0,1.72,20.6401,-12.0,1.728,6.88,-6.0,1.728,-11.3013,7.1311,2.2829,9.314,SHORT,NONE,2026-03-13T00:00:00+00:00
KSMUSDT,KSM,4H,Manual,365,441,7,4,3,57.1429,1.0174,17.9677,-17.6604,0.0439,4.4919,-5.8868,0.0439,-9.8688,-0.6864,2.0619,4.613,SHORT,NONE,2026-03-13T00:00:00+00:00
DYDXUSDT,DYDX,4H,Manual,365,441,6,3,3,50.0,1.5445,26.7517,-17.3208,1.5718,8.9172,-5.7736,1.5718,-11.3208,7.5373,2.0465,0.0904,LONG,NONE,2026-03-13T00:00:00+00:00
BLESSUSDT,BLESS,4H,Manual,365,441,5,3,2,60.0,0.8049,9.3851,-11.6604,-0.4551,3.1284,-5.8302,-0.4551,-6.0,-2.7721,2.0122,0.004814,LONG,NONE,2026-03-13T00:00:00+00:00
KAIAUSDT,KAIA,4H,Manual,365,441,8,4,4,50.0,1.499,28.0335,-18.7009,1.1666,7.0084,-4.6752,1.1666,-14.9576,7.5961,2.0043,0.05516,LONG,NONE,2026-03-13T00:00:00+00:00
ORDIUSDT,ORDI,4H,Manual,365,441,6,3,3,50.0,2.1695,37.578,-17.3208,3.3762,12.526,-5.7736,3.3762,-16.3403,19.0269,1.9915,2.583,LONG,NONE,2026-03-13T00:00:00+00:00
DEXEUSDT,DEXE,4H,Manual,365,441,5,3,2,60.0,0.7482,5.715,-7.6387,-0.3847,1.905,-3.8194,-0.3847,-5.6604,-2.1406,1.9827,4.246,SHORT,NONE,2026-03-13T00:00:00+00:00
ALGOUSDT,ALGO,4H,Manual,365,441,7,3,4,42.8571,1.3202,29.7594,-22.5414,1.0312,9.9198,-5.6353,1.0312,-10.2689,4.955,1.9284,0.0915,LONG,NONE,2026-03-13T00:00:00+00:00
IOSTUSDT,IOST,4H,Manual,365,441,6,3,3,50.0,1.2001,21.1942,-17.6604,0.589,7.0647,-5.8868,0.589,-9.799,2.0248,1.8371,0.001153,LONG,NONE,2026-03-13T00:00:00+00:00
MANTAUSDT,MANTA,4H,Manual,365,441,7,4,3,57.1429,1.1433,19.1916,-16.7856,0.3437,4.7979,-5.5952,0.3437,-12.6326,1.0302,1.8101,0.0696,LONG,NONE,2026-03-13T00:00:00+00:00
INITUSDT,INIT,4H,Manual,365,441,6,3,3,50.0,1.3707,23.8306,-17.3854,1.0742,7.9435,-5.7951,1.0742,-11.64,4.8653,1.7664,0.0885,LONG,NONE,2026-03-13T00:00:00+00:00
AERGOUSDT,AERGO,4H,Manual,365,441,7,4,3,57.1429,0.6526,9.4292,-14.4481,-0.717,2.3573,-4.816,-0.717,-7.4579,-5.4164,1.7501,0.05499,LONG,NONE,2026-03-13T00:00:00+00:00
TOWNSUSDT,TOWNS,4H,Manual,365,441,7,4,3,57.1429,0.7953,13.7747,-17.3208,-0.5066,3.4437,-5.7736,-0.5066,-9.3049,-4.326,1.7094,0.003749,LONG,NONE,2026-03-13T00:00:00+00:00
LAUSDT,LA,4H,Manual,365,441,7,5,2,71.4286,0.6694,8.0329,-12.0,-0.5667,1.6066,-6.0,-0.5667,-9.9567,-4.3204,1.6808,0.2312,LONG,NONE,2026-03-13T00:00:00+00:00
MLNUSDT,MLN,4H,Manual,365,441,6,3,3,50.0,1.2405,20.8169,-16.7817,0.6725,6.939,-5.5939,0.6725,-11.64,2.2032,1.5986,3.804,LONG,NONE,2026-03-13T00:00:00+00:00
TREEUSDT,TREE,4H,Manual,365,441,8,4,4,50.0,0.9339,18.4151,-19.7185,-0.1629,4.6038,-4.9296,-0.1629,-11.6986,-2.3908,1.5966,0.0692,LONG,NONE,2026-03-13T00:00:00+00:00
TRBUSDT,TRB,4H,Manual,365,441,6,3,3,50.0,1.1903,21.0214,-17.6604,0.5602,7.0071,-5.8868,0.5602,-11.3208,1.4637,1.5771,16.472,LONG,NONE,2026-03-13T00:00:00+00:00
4USDT,4,4H,Manual,365,441,5,2,3,40.0,1.772,31.2946,-17.6604,2.7269,15.6473,-5.8868,2.7269,-11.3208,11.4658,1.5653,0.0083,SHORT,NONE,2026-03-13T00:00:00+00:00
ETHFIUSDT,ETHFI,4H,Manual,365,441,8,4,4,50.0,1.1466,26.7403,-23.3208,0.4274,6.6851,-5.8302,0.4274,-14.7466,1.1947,1.5551,0.5754,LONG,NONE,2026-03-13T00:00:00+00:00
HYPERUSDT,HYPER,4H,Manual,365,441,5,2,3,40.0,1.3546,19.2315,-14.1973,1.0068,9.6158,-4.7324,1.0068,-8.7298,3.363,1.5517,0.0914,LONG,NONE,2026-03-13T00:00:00+00:00
DOODUSDT,DOOD,4H,Manual,365,441,5,2,2,40.0,0.9605,11.5259,-12.0,-0.0948,5.7629,-6.0,-1.2948,-6.2802,-1.1631,1.5294,0.003074,LONG,LONG,2026-03-13T00:00:00+00:00
CFXUSDT,CFX,4H,Manual,365,441,7,3,4,42.8571,1.1672,27.2201,-23.3208,0.557,9.0734,-5.8302,0.557,-11.64,1.6138,1.5041,0.05502,LONG,NONE,2026-03-13T00:00:00+00:00
C98USDT,C98,4H,Manual,365,441,6,3,3,50.0,1.1595,20.4774,-17.6604,0.4695,6.8258,-5.8868,0.4695,-11.5851,1.5645,1.5013,0.02779,LONG,NONE,2026-03-13T00:00:00+00:00
ONTUSDT,ONT,4H,Manual,365,441,6,3,3,50.0,1.1592,20.8657,-18.0,0.4776,6.9552,-6.0,0.4776,-11.64,1.584,1.4938,0.04179,SHORT,NONE,2026-03-13T00:00:00+00:00
TAIKOUSDT,TAIKO,4H,Manual,365,441,5,3,2,60.0,0.6711,7.4204,-11.0578,-0.7275,2.4735,-5.5289,-0.7275,-7.3195,-3.9734,1.3753,0.1234,LONG,NONE,2026-03-13T00:00:00+00:00
GIGGLEUSDT,GIGGLE,4H,Manual,365,441,8,3,5,37.5,1.015,30.104,-29.6604,0.0554,10.0347,-5.9321,0.0554,-11.5353,-2.1789,1.3199,28.98,SHORT,NONE,2026-03-13T00:00:00+00:00
EGLDUSDT,EGLD,4H,Manual,365,441,6,3,3,50.0,1.4129,24.9521,-17.6604,1.2153,8.3174,-5.8868,1.2153,-16.6415,5.4015,1.2735,4.204,SHORT,NONE,2026-03-13T00:00:00+00:00
WOOUSDT,WOO,4H,Manual,365,441,5,2,3,40.0,1.4744,26.5393,-18.0,1.7079,13.2697,-6.0,1.7079,-11.64,6.435,1.2667,0.01843,LONG,NONE,2026-03-13T00:00:00+00:00
ONEUSDT,ONE,4H,Manual,365,441,7,4,3,57.1429,0.8574,15.4327,-18.0,-0.3668,3.8582,-6.0,-0.3668,-13.5521,-3.4234,1.2653,0.002426,LONG,NONE,2026-03-13T00:00:00+00:00
VTHOUSDT,VTHO,4H,Manual,365,441,6,3,3,50.0,1.2057,21.7026,-18.0,0.6171,7.2342,-6.0,0.6171,-14.7936,1.7742,1.2225,0.0005935,LONG,NONE,2026-03-13T00:00:00+00:00
SAGAUSDT,SAGA,4H,Manual,365,441,5,2,3,40.0,1.0932,19.2315,-17.5919,0.3279,9.6158,-5.864,0.3279,-9.4637,-0.2482,1.1552,0.03453,LONG,NONE,2026-03-13T00:00:00+00:00
ARBUSDT,ARB,4H,Manual,365,441,5,2,3,40.0,1.3287,23.9158,-18.0,1.1832,11.9579,-6.0,1.1832,-11.64,3.8809,1.1415,0.1032,SHORT,NONE,2026-03-13T00:00:00+00:00
UNIUSDT,UNI,4H,Manual,365,441,5,2,3,40.0,1.0824,19.1164,-17.6604,0.2912,9.5582,-5.8868,0.2912,-9.6314,-0.433,1.1238,4.0,SHORT,NONE,2026-03-13T00:00:00+00:00
UAIUSDT,UAI,4H,Manual,365,441,6,3,3,50.0,0.9656,16.7241,-17.3208,-0.0994,5.5747,-5.7736,-0.0994,-13.1225,-1.9031,1.1038,0.3473,LONG,NONE,2026-03-13T00:00:00+00:00
HEIUSDT,HEI,4H,Manual,365,441,5,2,3,40.0,1.2837,22.6714,-17.6604,1.0022,11.3357,-5.8868,1.0022,-11.64,3.0404,1.1028,0.08,LONG,NONE,2026-03-13T00:00:00+00:00
1000SATSUSDT,1000SATS,4H,Manual,365,441,9,4,5,44.4444,1.0765,31.5626,-29.3208,0.2491,7.8906,-5.8642,0.2491,-19.7713,-0.5294,1.089,1.274e-05,LONG,NONE,2026-03-13T00:00:00+00:00
JSTUSDT,JST,4H,Manual,365,441,6,3,3,50.0,1.1473,19.8717,-17.3208,0.4252,6.6239,-5.7736,0.4252,-16.3403,1.4052,1.0532,0.05368,LONG,NONE,2026-03-13T00:00:00+00:00
ASTRUSDT,ASTR,4H,Manual,365,441,8,4,4,50.0,0.7746,18.328,-23.6604,-0.6666,4.582,-5.9151,-0.6666,-14.9576,-6.4646,1.0357,0.00745,SHORT,NONE,2026-03-13T00:00:00+00:00
SPKUSDT,SPK,4H,Manual,365,441,6,3,3,50.0,1.0726,17.6332,-16.4404,0.1988,5.8777,-5.4801,0.1988,-15.5596,0.0954,1.034,0.02296,LONG,NONE,2026-03-13T00:00:00+00:00
BARDUSDT,BARD,4H,Manual,365,441,5,3,2,60.0,0.6028,6.6006,-10.9496,-0.8698,2.2002,-5.4748,-0.8698,-8.8478,-4.6261,1.0219,1.1299,SHORT,NONE,2026-03-13T00:00:00+00:00
WLDUSDT,WLD,4H,Manual,365,441,5,2,3,40.0,1.214,21.4388,-17.6604,0.7557,10.7194,-5.8868,0.7557,-12.4727,1.9148,0.9733,0.3673,SHORT,NONE,2026-03-13T00:00:00+00:00
OPENUSDT,OPEN,4H,Manual,365,441,5,3,2,60.0,0.5,5.8301,-11.6604,-1.1661,1.9434,-5.8302,-1.1661,-7.8059,-6.0496,0.9608,0.1533,LONG,NONE,2026-03-13T00:00:00+00:00
TUSDT,T,4H,Manual,365,441,5,2,3,40.0,1.2348,20.8772,-16.908,0.7938,10.4386,-5.636,0.7938,-12.8941,2.0981,0.9576,0.0067,LONG,NONE,2026-03-13T00:00:00+00:00
SUSDT,S,4H,Manual,365,441,6,3,3,50.0,1.0594,18.7103,-17.6604,0.175,6.2368,-5.8868,0.175,-16.6415,-0.2158,0.9549,0.04369,LONG,NONE,2026-03-13T00:00:00+00:00
ETHWUSDT,ETHW,4H,Manual,365,441,5,3,2,60.0,0.7066,8.2387,-11.6604,-0.6843,2.7462,-5.8302,-0.6843,-11.3208,-3.8262,0.9362,0.2954,SHORT,NONE,2026-03-13T00:00:00+00:00
ATAUSDT,ATA,4H,Manual,365,441,6,3,3,50.0,1.0133,17.8946,-17.6604,0.039,5.9649,-5.8868,0.039,-16.6415,-0.9412,0.9133,0.01225,LONG,NONE,2026-03-13T00:00:00+00:00
BEAMUSDT,BEAM,4H,Manual,365,441,5,2,3,40.0,1.5326,27.5869,-18.0,1.9174,13.7934,-6.0,1.9174,-16.9416,7.4549,0.9046,0.002033,LONG,NONE,2026-03-13T00:00:00+00:00
POLYXUSDT,POLYX,4H,Manual,365,441,6,3,3,50.0,0.7326,12.2995,-16.7885,-0.7482,4.0998,-5.5962,-0.7482,-12.2266,-5.1289,0.8988,0.04049,SHORT,NONE,2026-03-13T00:00:00+00:00
XLMUSDT,XLM,4H,Manual,365,441,5,3,2,60.0,0.572,6.8641,-12.0,-1.0272,2.288,-6.0,-1.0272,-9.9567,-5.444,0.8617,0.163,LONG,NONE,2026-03-13T00:00:00+00:00
NEOUSDT,NEO,4H,Manual,365,441,6,2,4,33.3333,0.9821,21.3874,-21.7762,-0.0648,10.6937,-5.444,-0.0648,-11.4199,-2.4035,0.86,2.628,LONG,NONE,2026-03-13T00:00:00+00:00
AKTUSDT,AKT,4H,Manual,365,441,9,3,6,33.3333,1.2195,43.0749,-35.3208,0.8616,14.3583,-5.8868,0.8616,-21.3599,3.862,0.8564,0.4619,LONG,NONE,2026-03-13T00:00:00+00:00
1000000MOGUSDT,1000000MOG,4H,Manual,365,441,6,2,4,33.3333,1.381,32.2061,-23.3208,1.4809,16.1031,-5.8302,1.4809,-16.3403,5.9741,0.8451,0.1643,SHORT,NONE,2026-03-13T00:00:00+00:00
ENSUSDT,ENS,4H,Manual,365,441,5,2,3,40.0,0.9289,16.0892,-17.3208,-0.2463,8.0446,-5.7736,-0.2463,-11.0944,-2.3651,0.8373,6.179,SHORT,NONE,2026-03-13T00:00:00+00:00
ZKJUSDT,ZKJ,4H,Manual,365,441,5,2,3,40.0,0.9464,16.7134,-17.6604,-0.1894,8.3567,-5.8868,-0.1894,-11.3208,-2.1576,0.836,0.02527,SHORT,NONE,2026-03-13T00:00:00+00:00
LDOUSDT,LDO,4H,Manual,365,441,7,3,4,42.8571,0.8933,21.1365,-23.6604,-0.3606,7.0455,-5.9151,-0.3606,-16.6415,-4.5164,0.8052,0.3071,LONG,NONE,2026-03-13T00:00:00+00:00
DOGEUSDT,DOGE,4H,Manual,365,441,7,3,4,42.8571,0.8716,20.3262,-23.3208,-0.4278,6.7754,-5.8302,-0.4278,-16.3403,-4.5497,0.8001,0.09705,LONG,NONE,2026-03-13T00:00:00+00:00
AUCTIONUSDT,AUCTION,4H,Manual,365,441,5,2,3,40.0,0.9009,15.9105,-17.6604,-0.35,7.9552,-5.8868,-0.35,-11.3208,-3.1144,0.7958,4.751,SHORT,NONE,2026-03-13T00:00:00+00:00
YBUSDT,YB,4H,Manual,365,441,6,3,3,50.0,0.5352,9.27,-17.3208,-1.3418,3.09,-5.7736,-1.3418,-10.0918,-8.379,0.7955,0.1644,SHORT,NONE,2026-03-13T00:00:00+00:00
WAXPUSDT,WAXP,4H,Manual,365,441,5,2,3,40.0,0.8565,10.2181,-11.9293,-0.3423,5.109,-3.9764,-0.3423,-11.1476,-2.3723,0.7683,0.006371,LONG,NONE,2026-03-13T00:00:00+00:00
GUNUSDT,GUN,4H,Manual,365,441,5,2,3,40.0,0.8585,15.1613,-17.6604,-0.4998,7.5806,-5.8868,-0.4998,-11.3208,-3.5461,0.7583,0.01677,SHORT,NONE,2026-03-13T00:00:00+00:00
STEEMUSDT,STEEM,4H,Manual,365,441,5,2,3,40.0,0.8741,15.733,-18.0,-0.4534,7.8665,-6.0,-0.4534,-11.64,-3.3713,0.7509,0.05956,SHORT,NONE,2026-03-13T00:00:00+00:00
BANANAUSDT,BANANA,4H,Manual,365,441,8,3,5,37.5,1.0617,31.1313,-29.3208,0.2263,10.3771,-5.8642,0.2263,-21.3599,-1.0962,0.7456,4.37,SHORT,NONE,2026-03-13T00:00:00+00:00
PYRUSDT,PYR,4H,Manual,365,441,7,3,4,42.8571,1.0538,24.5764,-23.3208,0.1794,8.1921,-5.8302,0.1794,-21.3599,-0.9402,0.74,0.3162,LONG,NONE,2026-03-13T00:00:00+00:00
PNUTUSDT,PNUT,4H,Manual,365,441,6,3,3,50.0,0.5418,9.3851,-17.3208,-1.3226,3.1284,-5.7736,-1.3226,-11.0004,-8.2756,0.7388,0.04758,LONG,NONE,2026-03-13T00:00:00+00:00
AVAUSDT,AVA,4H,Manual,365,441,5,2,3,40.0,1.2064,20.8961,-17.3208,0.7151,10.448,-5.7736,0.7151,-16.3403,1.6733,0.7383,0.2046,LONG,NONE,2026-03-13T00:00:00+00:00
SSVUSDT,SSV,4H,Manual,365,441,9,4,5,44.4444,0.6907,20.251,-29.3208,-1.0077,5.0628,-5.8642,-1.0077,-18.8608,-10.1376,0.7324,2.781,SHORT,NONE,2026-03-13T00:00:00+00:00
CVXUSDT,CVX,4H,Manual,365,441,6,3,3,50.0,0.5657,9.9909,-17.6604,-1.2782,3.3303,-5.8868,-1.2782,-11.64,-8.0807,0.729,2.046,SHORT,NONE,2026-03-13T00:00:00+00:00
FILUSDT,FIL,4H,Manual,365,441,7,4,3,57.1429,0.5696,10.06,-17.6604,-1.0858,2.515,-5.8868,-1.0858,-15.8401,-7.9862,0.7192,0.8879,SHORT,NONE,2026-03-13T00:00:00+00:00
WUSDT,W,4H,Manual,365,441,6,2,4,33.3333,1.168,27.541,-23.58,0.6602,13.7705,-5.895,0.6602,-16.5702,1.417,0.7049,0.01843,SHORT,NONE,2026-03-13T00:00:00+00:00
B3USDT,B3,4H,Manual,365,441,6,2,4,33.3333,0.808,19.1164,-23.6604,-0.7573,9.5582,-5.9151,-0.7573,-11.64,-6.407,0.6942,0.0004006,LONG,NONE,2026-03-13T00:00:00+00:00
FORMUSDT,FORM,4H,Manual,365,441,5,3,2,60.0,0.5099,5.9451,-11.6604,-1.1431,1.9817,-5.8302,-1.1431,-11.3208,-5.9436,0.6756,0.2992,SHORT,NONE,2026-03-13T00:00:00+00:00
ARPAUSDT,ARPA,4H,Manual,365,441,5,3,2,60.0,0.4049,4.5841,-11.3208,-1.3473,1.528,-5.6604,-1.3473,-9.3049,-6.8706,0.6527,0.01011,LONG,NONE,2026-03-13T00:00:00+00:00
RENDERUSDT,RENDER,4H,Manual,365,441,5,2,3,40.0,0.9133,15.8197,-17.3208,-0.3002,7.9099,-5.7736,-0.3002,-14.5675,-2.8627,0.6269,1.73,LONG,NONE,2026-03-13T00:00:00+00:00
MEWUSDT,MEW,4H,Manual,365,441,5,2,3,40.0,0.9118,16.1033,-17.6604,-0.3114,8.0516,-5.8868,-0.3114,-14.9576,-2.9809,0.6096,0.0006353,LONG,NONE,2026-03-13T00:00:00+00:00
AEVOUSDT,AEVO,4H,Manual,365,441,5,2,3,40.0,0.6763,9.0589,-13.3941,-0.867,4.5294,-4.4647,-0.867,-11.1118,-4.8551,0.6086,0.02609,LONG,NONE,2026-03-13T00:00:00+00:00
GPSUSDT,GPS,4H,Manual,365,441,5,2,3,40.0,0.9404,16.2882,-17.3208,-0.2065,8.1441,-5.7736,-0.2065,-16.3403,-2.4539,0.5755,0.008626,SHORT,NONE,2026-03-13T00:00:00+00:00
CARVUSDT,CARV,4H,Manual,365,441,6,2,4,33.3333,0.9999,19.1164,-19.1182,-0.0003,9.5582,-4.7796,-0.0003,-17.8567,-1.8845,0.56,0.05762,SHORT,NONE,2026-03-13T00:00:00+00:00
XRPUSDT,XRP,4H,Manual,365,441,7,3,4,42.8571,0.6725,15.6828,-23.3208,-1.0911,5.2276,-5.8302,-1.0911,-18.243,-8.6302,0.553,1.4112,LONG,NONE,2026-03-13T00:00:00+00:00
ALICEUSDT,ALICE,4H,Manual,365,441,5,2,3,40.0,0.9053,15.9882,-17.6604,-0.3344,7.9941,-5.8868,-0.3344,-16.6415,-3.0903,0.544,0.1215,SHORT,NONE,2026-03-13T00:00:00+00:00
ZKPUSDT,ZKP,4H,Manual,365,391,8,3,5,37.5,0.7337,18.3201,-24.9705,-0.8313,6.1067,-4.9941,-0.8313,-21.1075,-8.0204,0.5214,0.08549,SHORT,NONE,2026-03-13T00:00:00+00:00
BELUSDT,BEL,4H,Manual,365,441,5,2,3,40.0,0.5743,10.1422,-17.6604,-1.5036,5.0711,-5.8868,-1.5036,-11.3208,-7.974,0.5073,0.1031,LONG,NONE,2026-03-13T00:00:00+00:00
ALTUSDT,ALT,4H,Manual,365,441,5,2,3,40.0,0.5875,8.4268,-14.3424,-1.1831,4.2134,-4.7808,-1.1831,-11.9558,-6.315,0.4914,0.00762,LONG,NONE,2026-03-13T00:00:00+00:00
VETUSDT,VET,4H,Manual,365,441,5,2,3,40.0,0.6658,11.7587,-17.6604,-1.1803,5.8793,-5.8868,-1.1803,-15.0535,-6.6832,0.4423,0.007343,SHORT,NONE,2026-03-13T00:00:00+00:00
ICNTUSDT,ICNT,4H,Manual,365,441,6,2,4,33.3333,0.5055,12.1318,-24.0,-1.978,6.0659,-6.0,-1.978,-12.1659,-12.1659,0.4155,0.3678,LONG,NONE,2026-03-13T00:00:00+00:00
1MBABYDOGEUSDT,1MBABYDOGE,4H,Manual,365,441,7,2,5,28.5714,0.6529,19.1425,-29.3208,-1.454,9.5713,-5.8642,-1.454,-16.3403,-11.6821,0.3996,0.0004353,LONG,NONE,2026-03-13T00:00:00+00:00
FLOKIUSDT,FLOKI,4H,Manual,365,441,8,3,5,37.5,0.6038,17.4979,-28.9811,-1.4354,5.8326,-5.7962,-1.4354,-22.8707,-12.4021,0.396,3.058e-05,LONG,NONE,2026-03-13T00:00:00+00:00
BOMEUSDT,BOME,4H,Manual,365,441,6,3,3,50.0,0.3432,5.9451,-17.3208,-1.8959,1.9817,-5.7736,-1.8959,-13.0245,-11.2675,0.3953,0.0004602,LONG,NONE,2026-03-13T00:00:00+00:00
HNTUSDT,HNT,4H,Manual,365,441,7,2,5,28.5714,0.6484,19.2315,-29.6604,-1.4898,9.6158,-5.9321,-1.4898,-16.6415,-11.9233,0.3896,1.173,LONG,NONE,2026-03-13T00:00:00+00:00
AGLDUSDT,AGLD,4H,Manual,365,441,7,2,5,28.5714,0.8091,23.1132,-28.5657,-0.7789,11.5566,-5.7131,-0.7789,-21.0123,-7.3125,0.3851,0.2616,SHORT,NONE,2026-03-13T00:00:00+00:00
UBUSDT,UB,4H,Manual,365,441,6,2,4,33.3333,0.8007,18.6722,-23.3208,-0.7748,9.3361,-5.8302,-0.7748,-21.3599,-6.4249,0.3749,0.03196,SHORT,NONE,2026-03-13T00:00:00+00:00
BLURUSDT,BLUR,4H,Manual,365,441,5,2,3,40.0,0.5643,8.9627,-15.8827,-1.384,4.4814,-5.2942,-1.384,-15.0605,-7.2851,0.3747,0.01934,SHORT,NONE,2026-03-13T00:00:00+00:00
MAGICUSDT,MAGIC,4H,Manual,365,441,6,3,3,50.0,0.3301,5.8301,-17.6604,-1.9717,1.9434,-5.8868,-1.9717,-13.3376,-11.6866,0.3712,0.06498,LONG,NONE,2026-03-13T00:00:00+00:00
ZBCNUSDT,ZBCN,4H,Manual,365,441,5,2,3,40.0,0.6001,10.3935,-17.3208,-1.3855,5.1967,-5.7736,-1.3855,-16.3403,-7.5131,0.3673,0.0020067,SHORT,NONE,2026-03-13T00:00:00+00:00
NEIROCTOUSDT,NEIROCTO,4H,Manual,365,441,6,2,4,33.3333,0.7057,16.2174,-22.9811,-1.1273,8.1087,-5.7453,-1.1273,-19.5723,-8.0611,0.3606,7.46e-05,LONG,NONE,2026-03-13T00:00:00+00:00
GMXUSDT,GMX,4H,Manual,365,441,6,3,3,50.0,0.3239,5.8301,-18.0,-2.0283,1.9434,-6.0,-2.0283,-13.6496,-12.0046,0.3559,6.439,SHORT,NONE,2026-03-13T00:00:00+00:00
MUBARAKUSDT,MUBARAK,4H,Manual,365,441,5,2,3,40.0,0.3858,6.8141,-17.6604,-2.1693,3.407,-5.8868,-2.1693,-10.8835,-10.8835,0.3545,0.01605,LONG,NONE,2026-03-13T00:00:00+00:00
DOGSUSDT,DOGS,4H,Manual,365,441,6,3,3,50.0,0.33,5.715,-17.3208,-1.9343,1.905,-5.7736,-1.9343,-14.7466,-11.4675,0.3357,3.115e-05,LONG,NONE,2026-03-13T00:00:00+00:00
ENJUSDT,ENJ,4H,Manual,365,441,5,2,3,40.0,0.4834,8.3726,-17.3208,-1.7896,4.1863,-5.7736,-1.7896,-14.7466,-9.2328,0.3278,0.01841,LONG,NONE,2026-03-13T00:00:00+00:00
RECALLUSDT,RECALL,4H,Manual,365,441,6,2,4,33.3333,0.3767,7.0735,-18.7762,-1.9504,3.5368,-4.6941,-1.9504,-11.6402,-11.6402,0.3236,0.04869,LONG,NONE,2026-03-13T00:00:00+00:00
WALUSDT,WAL,4H,Manual,365,441,5,1,4,20.0,0.738,17.2114,-23.3208,-1.2219,17.2114,-5.8302,-1.2219,-11.64,-7.8248,0.317,0.0817,LONG,NONE,2026-03-13T00:00:00+00:00
AXLUSDT,AXL,4H,Manual,365,441,5,2,3,40.0,0.4598,7.9634,-17.3208,-1.8715,3.9817,-5.7736,-1.8715,-14.6504,-9.5778,0.3138,0.05611,SHORT,NONE,2026-03-13T00:00:00+00:00
JOEUSDT,JOE,4H,Manual,365,441,6,2,4,33.3333,0.5691,13.2725,-23.3208,-1.6747,6.6363,-5.8302,-1.6747,-18.3849,-10.6401,0.3095,0.0418,LONG,NONE,2026-03-13T00:00:00+00:00
AAVEUSDT,AAVE,4H,Manual,365,441,5,2,3,40.0,0.5052,8.9221,-17.6604,-1.7477,4.461,-5.8868,-1.7477,-16.6415,-9.088,0.3036,115.12,SHORT,NONE,2026-03-13T00:00:00+00:00
USUALUSDT,USUAL,4H,Manual,365,441,5,2,3,40.0,0.4252,7.365,-17.3208,-1.9912,3.6825,-5.7736,-1.9912,-14.7466,-10.0918,0.2883,0.01495,SHORT,NONE,2026-03-13T00:00:00+00:00
KASUSDT,KAS,4H,Manual,365,441,6,2,4,33.3333,0.5732,12.9226,-22.5429,-1.6034,6.4613,-5.6357,-1.6034,-20.7092,-10.2964,0.2768,0.03083,SHORT,NONE,2026-03-13T00:00:00+00:00
SXTUSDT,SXT,4H,Manual,365,441,5,2,3,40.0,0.4156,7.4801,-18.0,-2.104,3.74,-6.0,-2.104,-15.2638,-10.6372,0.2723,0.01876,LONG,NONE,2026-03-13T00:00:00+00:00
YGGUSDT,YGG,4H,Manual,365,441,6,3,3,50.0,0.2766,4.9795,-18.0,-2.1701,1.6598,-6.0,-2.1701,-15.2638,-12.7414,0.2718,0.04018,LONG,NONE,2026-03-13T00:00:00+00:00
LUMIAUSDT,LUMIA,4H,Manual,365,441,5,2,3,40.0,0.4252,7.365,-17.3208,-1.9912,3.6825,-5.7736,-1.9912,-16.3403,-10.0918,0.2602,0.06558,LONG,NONE,2026-03-13T00:00:00+00:00
ONGUSDT,ONG,4H,Manual,365,441,7,2,5,28.5714,0.3947,9.4525,-23.9472,-2.0707,4.7262,-4.7894,-2.0707,-15.4271,-14.2842,0.2558,0.06121,LONG,NONE,2026-03-13T00:00:00+00:00
USTCUSDT,USTC,4H,Manual,365,441,6,2,4,33.3333,0.3418,7.9709,-23.3208,-2.5583,3.9854,-5.8302,-2.5583,-15.0007,-15.0007,0.2279,0.00507,SHORT,NONE,2026-03-13T00:00:00+00:00
SOONUSDT,SOON,4H,Manual,365,441,5,2,3,40.0,0.2468,3.6578,-14.8215,-2.2327,1.8289,-4.9405,-2.2327,-10.9639,-10.9639,0.2251,0.1524,SHORT,NONE,2026-03-13T00:00:00+00:00
SPELLUSDT,SPELL,4H,Manual,365,441,5,1,4,20.0,0.738,14.0832,-19.0827,-0.9999,14.0832,-4.7707,-0.9999,-17.7896,-6.2117,0.2074,0.0001756,SHORT,NONE,2026-03-13T00:00:00+00:00
COREUSDT,CORE,4H,Manual,365,441,7,2,5,28.5714,0.4738,13.892,-29.3208,-2.2041,6.946,-5.8642,-2.2041,-24.5851,-15.6318,0.1927,0.08151,SHORT,NONE,2026-03-13T00:00:00+00:00
ZKCUSDT,ZKC,4H,Manual,365,441,5,2,3,40.0,0.2399,4.2375,-17.6604,-2.6846,2.1187,-5.8868,-2.6846,-13.0719,-13.0719,0.1835,0.0847,LONG,NONE,2026-03-13T00:00:00+00:00
B2USDT,B2,4H,Manual,365,441,5,2,3,40.0,0.2472,3.5784,-14.4767,-2.1797,1.7892,-4.8256,-2.1797,-13.8182,-10.7068,0.1789,0.6853,SHORT,NONE,2026-03-13T00:00:00+00:00
ETCUSDT,ETC,4H,Manual,365,441,5,2,3,40.0,0.2514,4.1989,-16.7043,-2.5011,2.0995,-5.5681,-2.5011,-14.1876,-12.2191,0.1772,8.408,SHORT,NONE,2026-03-13T00:00:00+00:00
IMXUSDT,IMX,4H,Manual,365,441,7,2,5,28.5714,0.4145,11.9996,-28.9482,-2.4212,5.9998,-5.7896,-2.4212,-24.2862,-16.7302,0.1707,0.1699,LONG,NONE,2026-03-13T00:00:00+00:00
ARIAUSDT,ARIA,4H,Manual,365,441,6,2,4,33.3333,0.3311,7.8337,-23.6604,-2.6378,3.9168,-5.9151,-2.6378,-19.7831,-15.4032,0.1674,0.13325,LONG,NONE,2026-03-13T00:00:00+00:00
SOPHUSDT,SOPH,4H,Manual,365,441,5,2,3,40.0,0.2223,3.9251,-17.6604,-2.7471,1.9625,-5.8868,-2.7471,-13.3376,-13.3376,0.1667,0.00873,SHORT,NONE,2026-03-13T00:00:00+00:00
ENSOUSDT,ENSO,4H,Manual,365,441,5,1,4,20.0,0.72,17.0352,-23.6604,-1.325,17.0352,-5.9151,-1.325,-21.643,-8.2948,0.1663,1.273,SHORT,NONE,2026-03-13T00:00:00+00:00
BANUSDT,BAN,4H,Manual,365,441,6,2,4,33.3333,0.345,8.1638,-23.6604,-2.5828,4.0819,-5.9151,-2.5828,-21.643,-15.1527,0.1594,0.11358,SHORT,NONE,2026-03-13T00:00:00+00:00
OLUSDT,OL,4H,Manual,365,441,5,2,3,40.0,0.2266,3.9251,-17.3208,-2.6791,1.9625,-5.7736,-2.6791,-14.7466,-13.0245,0.1537,0.01412,LONG,NONE,2026-03-13T00:00:00+00:00
REZUSDT,REZ,4H,Manual,365,441,5,2,3,40.0,0.2223,3.9251,-17.6604,-2.7471,1.9625,-5.8868,-2.7471,-14.9576,-13.3376,0.1486,0.003361,LONG,NONE,2026-03-13T00:00:00+00:00
TAGUSDT,TAG,4H,Manual,365,441,5,2,3,40.0,0.2223,3.9251,-17.6604,-2.7471,1.9625,-5.8868,-2.7471,-14.9576,-13.3376,0.1486,0.000451,LONG,NONE,2026-03-13T00:00:00+00:00
CELOUSDT,CELO,4H,Manual,365,441,5,2,3,40.0,0.2245,4.0401,-18.0,-2.792,2.0201,-6.0,-2.792,-15.2638,-13.5521,0.1471,0.0759,SHORT,NONE,2026-03-13T00:00:00+00:00
SUIUSDT,SUI,4H,Manual,365,441,5,1,4,20.0,0.6118,14.0832,-23.0202,-1.7874,14.0832,-5.7551,-1.7874,-21.1094,-9.9991,0.1449,1.0257,LONG,NONE,2026-03-13T00:00:00+00:00
PORTALUSDT,PORTAL,4H,Manual,365,441,8,2,6,25.0,0.3621,12.7909,-35.3208,-2.8162,6.3955,-5.8868,-2.8162,-25.4196,-21.3475,0.1424,0.01253,LONG,NONE,2026-03-13T00:00:00+00:00
TURBOUSDT,TURBO,4H,Manual,365,441,5,1,4,20.0,0.5351,11.6123,-21.6996,-2.0175,11.6123,-5.4249,-2.0175,-20.0085,-10.7197,0.1337,0.001202,LONG,NONE,2026-03-13T00:00:00+00:00
ICXUSDT,ICX,4H,Manual,365,441,6,1,5,16.6667,0.5939,17.2114,-28.9811,-1.9616,17.2114,-5.7962,-1.9616,-25.8112,-13.0423,0.115,0.03737,LONG,NONE,2026-03-13T00:00:00+00:00
ACXUSDT,ACX,4H,Manual,365,441,5,1,4,20.0,0.4218,8.4473,-20.0265,-2.3158,8.4473,-5.0066,-2.3158,-18.604,-11.7282,0.1134,0.05103,LONG,NONE,2026-03-13T00:00:00+00:00
RSRUSDT,RSR,4H,Manual,365,441,7,2,5,28.5714,0.2772,8.1269,-29.3208,-3.0277,4.0634,-5.8642,-3.0277,-24.5892,-19.9798,0.1127,0.001698,LONG,NONE,2026-03-13T00:00:00+00:00
XTZUSDT,XTZ,4H,Manual,365,441,5,1,4,20.0,0.472,10.8463,-22.9811,-2.427,10.8463,-5.7453,-2.427,-21.0758,-12.5154,0.112,0.3689,SHORT,NONE,2026-03-13T00:00:00+00:00
ANKRUSDT,ANKR,4H,Manual,365,441,5,1,4,20.0,0.4765,11.1126,-23.3208,-2.4416,11.1126,-5.8302,-2.4416,-21.3599,-12.621,0.1115,0.004412,LONG,NONE,2026-03-13T00:00:00+00:00
SHELLUSDT,SHELL,4H,Manual,365,441,10,3,7,30.0,0.2136,8.5307,-39.9332,-3.1402,2.8436,-5.7047,-3.1402,-31.2306,-27.919,0.1026,0.03075,LONG,NONE,2026-03-13T00:00:00+00:00
THETAUSDT,THETA,4H,Manual,365,441,7,2,5,28.5714,0.2609,7.5619,-28.9811,-3.0599,3.781,-5.7962,-3.0599,-25.8112,-20.1481,0.1011,0.1805,SHORT,NONE,2026-03-13T00:00:00+00:00
ROSEUSDT,ROSE,4H,Manual,365,441,5,1,4,20.0,0.4169,9.5812,-22.9811,-2.68,9.5812,-5.7453,-2.68,-21.0758,-13.5139,0.0989,0.01269,LONG,NONE,2026-03-13T00:00:00+00:00
RVNUSDT,RVN,4H,Manual,365,441,8,2,6,25.0,0.2301,7.9709,-34.6415,-3.3338,3.9854,-5.7736,-3.3338,-24.3509,-24.3509,0.0945,0.005454,SHORT,NONE,2026-03-13T00:00:00+00:00
POWRUSDT,POWR,4H,Manual,365,441,6,2,4,33.3333,0.1659,3.9251,-23.6604,-3.2892,1.9625,-5.9151,-3.2892,-20.0602,-18.5373,0.0827,0.06407,LONG,NONE,2026-03-13T00:00:00+00:00
SFPUSDT,SFP,4H,Manual,365,441,7,2,5,28.5714,0.1649,4.1793,-25.3463,-3.0239,2.0897,-5.0693,-3.0239,-20.9917,-19.672,0.0786,0.28,LONG,NONE,2026-03-13T00:00:00+00:00
VANRYUSDT,VANRY,4H,Manual,365,441,6,1,5,16.6667,0.3189,7.897,-24.7607,-2.8106,7.897,-4.9521,-2.8106,-22.4923,-16.3715,0.0709,0.005065,LONG,NONE,2026-03-13T00:00:00+00:00
API3USDT,API3,4H,Manual,365,441,8,2,6,25.0,0.1988,6.5606,-33.0062,-3.3057,3.2803,-5.501,-3.3057,-28.8026,-24.0685,0.069,0.2955,LONG,NONE,2026-03-13T00:00:00+00:00
CTSIUSDT,CTSI,4H,Manual,365,441,6,2,4,33.3333,0.1403,3.3184,-23.6604,-3.3903,1.6592,-5.9151,-3.3903,-20.6257,-19.0223,0.068,0.02538,LONG,NONE,2026-03-13T00:00:00+00:00
FLUXUSDT,FLUX,4H,Manual,365,441,7,2,5,28.5714,0.1574,4.4349,-28.1752,-3.3915,2.2174,-5.635,-3.3915,-23.762,-21.8265,0.0662,0.05793,LONG,NONE,2026-03-13T00:00:00+00:00
ATUSDT,AT,4H,Manual,365,441,5,1,4,20.0,0.2601,6.0659,-23.3208,-3.451,6.0659,-5.8302,-3.451,-21.3599,-16.5897,0.0609,0.1441,SHORT,NONE,2026-03-13T00:00:00+00:00
ORDERUSDT,ORDER,4H,Manual,365,441,5,1,4,20.0,0.2601,6.0659,-23.3208,-3.451,6.0659,-5.8302,-3.451,-21.3599,-16.5897,0.0609,0.05423,SHORT,NONE,2026-03-13T00:00:00+00:00
PIEVERSEUSDT,PIEVERSE,4H,Manual,365,441,6,1,5,16.6667,0.1862,5.46,-29.3208,-3.9768,5.46,-5.8642,-3.9768,-22.0422,-22.0422,0.0422,0.50847,SHORT,NONE,2026-03-13T00:00:00+00:00
PROVEUSDT,PROVE,4H,Manual,365,441,10,2,8,20.0,0.1445,6.7388,-46.6415,-3.9903,3.3694,-5.8302,-3.9903,-38.1574,-33.933,0.0379,0.2662,SHORT,NONE,2026-03-13T00:00:00+00:00
SAHARAUSDT,SAHARA,4H,Manual,365,441,5,1,4,20.0,0.1046,2.4396,-23.3208,-4.1762,2.4396,-5.8302,-4.1762,-21.3599,-19.4414,0.0245,0.02244,SHORT,NONE,2026-03-13T00:00:00+00:00
MANAUSDT,MANA,4H,Manual,365,441,5,1,4,20.0,0.0854,2.0201,-23.6604,-4.3281,2.0201,-5.9151,-4.3281,-20.0602,-20.0602,0.0213,0.0931,SHORT,NONE,2026-03-13T00:00:00+00:00
WETUSDT,WET,4H,Manual,365,441,5,1,4,20.0,0.0854,2.0201,-23.6604,-4.3281,2.0201,-5.9151,-4.3281,-20.0602,-20.0602,0.0213,0.10668,LONG,NONE,2026-03-13T00:00:00+00:00
GRTUSDT,GRT,4H,Manual,365,441,6,1,5,16.6667,0.1087,3.1491,-28.9811,-4.3053,3.1491,-5.7962,-4.3053,-25.8112,-23.475,0.0211,0.02803,LONG,NONE,2026-03-13T00:00:00+00:00
JASMYUSDT,JASMY,4H,Manual,365,441,5,1,4,20.0,0.0879,2.0201,-22.9811,-4.1922,2.0201,-5.7453,-4.1922,-21.0758,-19.4815,0.0209,0.005887,LONG,NONE,2026-03-13T00:00:00+00:00
QUSDT,Q,4H,Manual,365,441,6,1,5,16.6667,0.0779,2.0201,-25.9398,-3.9866,2.0201,-5.188,-3.9866,-21.8725,-21.8725,0.0178,0.013234,SHORT,NONE,2026-03-13T00:00:00+00:00
PHAUSDT,PHA,4H,Manual,365,441,5,1,4,20.0,0.0689,1.6058,-23.3208,-4.343,1.6058,-5.8302,-4.343,-21.3599,-20.0971,0.0161,0.03111,SHORT,NONE,2026-03-13T00:00:00+00:00
SANDUSDT,SAND,4H,Manual,365,441,6,1,5,16.6667,0.0679,1.905,-28.068,-4.3605,1.905,-5.6136,-4.3605,-23.6662,-23.6662,0.0143,0.08411,SHORT,NONE,2026-03-13T00:00:00+00:00
GMTUSDT,GMT,4H,Manual,365,441,6,1,5,16.6667,0.0657,1.905,-28.9811,-4.5127,1.905,-5.7962,-4.5127,-25.8112,-24.3979,0.0127,0.01128,SHORT,NONE,2026-03-13T00:00:00+00:00
GALAUSDT,GALA,4H,Manual,365,441,7,1,6,14.2857,0.0572,2.0201,-35.3208,-4.7572,2.0201,-5.8868,-4.7572,-29.11,-29.11,0.0098,0.003439,SHORT,NONE,2026-03-13T00:00:00+00:00
COTIUSDT,COTI,4H,Manual,365,441,8,1,7,12.5,0.0493,2.0201,-40.9811,-4.8701,2.0201,-5.8544,-4.8701,-33.1226,-33.1226,0.0074,0.01249,SHORT,NONE,2026-03-13T00:00:00+00:00
GASUSDT,GAS,4H,Manual,365,441,6,0,6,0.0,0.0,0.0,-34.7808,-5.7968,0.0,-5.7968,-5.7968,-30.114,-30.114,0.0,1.56,SHORT,NONE,2026-03-13T00:00:00+00:00
TLMUSDT,TLM,4H,Manual,365,441,5,0,5,0.0,0.0,0.0,-28.9811,-5.7962,0.0,-5.7962,-5.7962,-25.8112,-25.8112,0.0,0.001727,LONG,NONE,2026-03-13T00:00:00+00:00
