open_time,open,high,low,close,volume
2026-02-27 10:00:00+00:00,0.04304,0.04304,0.04219,0.04259,10722.0
2026-02-27 10:15:00+00:00,0.04259,0.04412,0.0384,0.03984,20506058.0
2026-02-27 10:30:00+00:00,0.03984,0.03984,0.03604,0.03811,13766059.0
2026-02-27 10:45:00+00:00,0.03811,0.0402,0.03754,0.03964,11298244.0
2026-02-27 11:00:00+00:00,0.03964,0.04166,0.03942,0.04041,7643097.0
2026-02-27 11:15:00+00:00,0.04041,0.04264,0.04003,0.04187,11456000.0
2026-02-27 11:30:00+00:00,0.04187,0.04245,0.0385,0.03898,9847935.0
2026-02-27 11:45:00+00:00,0.03898,0.03992,0.0374,0.0389,6011762.0
2026-02-27 12:00:00+00:00,0.0389,0.04034,0.03824,0.04023,4589964.0
2026-02-27 12:15:00+00:00,0.04023,0.04267,0.04008,0.04152,10995981.0
2026-02-27 12:30:00+00:00,0.04152,0.04256,0.04029,0.04092,4633999.0
2026-02-27 12:45:00+00:00,0.04092,0.04103,0.0387,0.03948,7234042.0
2026-02-27 13:00:00+00:00,0.03948,0.04107,0.03921,0.03958,6811076.0
2026-02-27 13:15:00+00:00,0.03958,0.04066,0.03906,0.03978,3431486.0
2026-02-27 13:30:00+00:00,0.03978,0.04042,0.03757,0.03861,8964994.0
2026-02-27 13:45:00+00:00,0.03861,0.03959,0.03795,0.03932,4858636.0
2026-02-27 14:00:00+00:00,0.03932,0.03992,0.03842,0.03902,3998063.0
2026-02-27 14:15:00+00:00,0.03902,0.03914,0.0367,0.03698,5890073.0
2026-02-27 14:30:00+00:00,0.03698,0.03792,0.03617,0.03674,5684000.0
2026-02-27 14:45:00+00:00,0.03674,0.03745,0.036,0.03627,6148465.0
2026-02-27 15:15:00+00:00,0.03779,0.03792,0.03664,0.03688,2839833.0
2026-02-27 15:30:00+00:00,0.03688,0.03722,0.03461,0.03578,13133683.0
2026-02-27 15:45:00+00:00,0.03578,0.03585,0.03359,0.03431,8566657.0
2026-02-27 16:00:00+00:00,0.03431,0.03571,0.03349,0.03501,7362102.0
2026-02-27 16:15:00+00:00,0.03501,0.0366,0.03492,0.03648,6696188.0
2026-02-27 16:30:00+00:00,0.03648,0.04042,0.03643,0.03985,14324842.0
2026-02-27 16:45:00+00:00,0.03985,0.04129,0.03834,0.03917,10065638.0
2026-02-27 17:00:00+00:00,0.03917,0.0397,0.03764,0.03854,3339964.0
2026-02-27 17:15:00+00:00,0.03854,0.04,0.03817,0.0393,2778443.0
2026-02-27 17:30:00+00:00,0.0393,0.03946,0.03856,0.03919,1701020.0
2026-02-27 17:45:00+00:00,0.03919,0.03924,0.03866,0.03894,1446000.0
2026-02-27 18:00:00+00:00,0.03894,0.03902,0.03713,0.03747,4153413.0
2026-02-27 18:15:00+00:00,0.03747,0.03934,0.03742,0.03885,2721700.0
2026-02-27 18:30:00+00:00,0.03885,0.03994,0.03822,0.03984,2433964.0
2026-02-27 18:45:00+00:00,0.03984,0.04043,0.03858,0.03863,4699734.0
2026-02-27 19:00:00+00:00,0.03863,0.0387,0.03786,0.0383,2613861.0
2026-02-27 19:15:00+00:00,0.0383,0.03882,0.03735,0.03768,1358512.0
2026-02-27 19:30:00+00:00,0.03768,0.03816,0.03729,0.03792,1096989.0
2026-02-27 19:45:00+00:00,0.03792,0.03852,0.03727,0.03761,2054583.0
2026-02-27 20:00:00+00:00,0.03761,0.03818,0.03747,0.03794,1005430.0
2026-02-27 20:15:00+00:00,0.03794,0.0386,0.03767,0.03839,893453.0
2026-02-27 20:30:00+00:00,0.03839,0.03877,0.03781,0.03818,610970.0
2026-02-27 20:45:00+00:00,0.03818,0.03899,0.03818,0.03868,1503854.0
2026-02-27 21:00:00+00:00,0.03868,0.03947,0.03859,0.03891,1989397.0
2026-02-27 21:15:00+00:00,0.03891,0.04033,0.03891,0.03994,2640490.0
2026-02-27 21:30:00+00:00,0.03994,0.0406,0.03954,0.04006,1539312.0
2026-02-27 21:45:00+00:00,0.04006,0.04069,0.03975,0.04012,2815188.0
2026-02-27 22:00:00+00:00,0.04012,0.04016,0.03789,0.03875,2674103.0
2026-02-27 22:15:00+00:00,0.03875,0.03886,0.03824,0.0385,1242934.0
2026-02-27 22:30:00+00:00,0.0385,0.03883,0.03842,0.0387,876550.0
2026-02-27 22:45:00+00:00,0.0387,0.03871,0.03839,0.03848,909856.0
2026-02-27 23:00:00+00:00,0.03848,0.03974,0.03846,0.03879,1843266.0
2026-02-27 23:15:00+00:00,0.03879,0.04032,0.03879,0.04004,760644.0
2026-02-27 23:30:00+00:00,0.04004,0.04169,0.04004,0.04062,4414442.0
2026-02-27 23:45:00+00:00,0.04062,0.0412,0.03994,0.04027,2656904.0
2026-02-28 00:00:00+00:00,0.04027,0.04079,0.03921,0.03966,2681839.0
2026-02-28 00:15:00+00:00,0.03966,0.04028,0.03904,0.0396,1220845.0
2026-02-28 00:30:00+00:00,0.0396,0.04039,0.03928,0.04033,1186240.0
2026-02-28 00:45:00+00:00,0.04033,0.0422,0.0403,0.04182,3628384.0
2026-02-28 01:00:00+00:00,0.04182,0.04366,0.04156,0.04332,4873190.0
2026-02-28 01:15:00+00:00,0.04332,0.04681,0.04299,0.04616,10661528.0
2026-02-28 01:30:00+00:00,0.04616,0.04656,0.04338,0.04392,7864187.0
2026-02-28 01:45:00+00:00,0.04392,0.04657,0.04331,0.04639,7981765.0
2026-02-28 02:00:00+00:00,0.04639,0.04667,0.04416,0.045,7484104.0
2026-02-28 02:15:00+00:00,0.045,0.04592,0.0445,0.04476,3234947.0
2026-02-28 02:30:00+00:00,0.04476,0.04497,0.04365,0.04366,4511056.0
2026-02-28 02:45:00+00:00,0.04366,0.04514,0.04283,0.04475,5657211.0
2026-02-28 03:00:00+00:00,0.04475,0.04501,0.04383,0.04409,2345190.0
2026-02-28 03:15:00+00:00,0.04409,0.04452,0.04219,0.04283,4622701.0
2026-02-28 03:30:00+00:00,0.04283,0.04315,0.04039,0.04202,11226439.0
2026-02-28 03:45:00+00:00,0.04202,0.04365,0.04173,0.04315,3144584.0
2026-02-28 04:00:00+00:00,0.04315,0.04449,0.04272,0.04389,2296669.0
2026-02-28 04:15:00+00:00,0.04389,0.04415,0.04285,0.04293,1654174.0
2026-02-28 04:30:00+00:00,0.04293,0.04305,0.041,0.04169,5913683.0
2026-02-28 04:45:00+00:00,0.04169,0.04356,0.04143,0.04282,4962641.0
2026-02-28 05:00:00+00:00,0.04282,0.04373,0.04267,0.04329,3362952.0
2026-02-28 05:15:00+00:00,0.04329,0.04364,0.04199,0.04235,1854804.0
2026-02-28 05:30:00+00:00,0.04235,0.04324,0.04164,0.04308,3398880.0
2026-02-28 05:45:00+00:00,0.04308,0.0434,0.04265,0.04318,1217187.0
2026-02-28 06:00:00+00:00,0.04318,0.04353,0.0417,0.04196,2591360.0
2026-02-28 06:15:00+00:00,0.04196,0.04297,0.0413,0.04184,4142643.0
2026-02-28 06:30:00+00:00,0.04184,0.04217,0.03768,0.03953,10623724.0
2026-02-28 06:45:00+00:00,0.03953,0.04001,0.03863,0.03916,6394143.0
2026-02-28 07:00:00+00:00,0.03916,0.0397,0.03879,0.03903,2607054.0
2026-02-28 07:15:00+00:00,0.03903,0.03906,0.03776,0.03825,5141201.0
2026-02-28 07:30:00+00:00,0.03825,0.03879,0.03625,0.03849,11040008.0
2026-02-28 07:45:00+00:00,0.03849,0.03923,0.03781,0.03855,5657917.0
2026-02-28 08:00:00+00:00,0.03855,0.03875,0.03723,0.0378,5429148.0
2026-02-28 08:15:00+00:00,0.0378,0.03868,0.0374,0.03836,3569909.0
2026-02-28 08:30:00+00:00,0.03836,0.03942,0.03794,0.03884,3716045.0
2026-02-28 08:45:00+00:00,0.03884,0.03937,0.03751,0.0378,5049123.0
2026-02-28 09:00:00+00:00,0.0378,0.03816,0.03726,0.0376,2068385.0
2026-02-28 09:15:00+00:00,0.0376,0.03775,0.03651,0.03743,2993371.0
2026-02-28 09:30:00+00:00,0.03743,0.03772,0.03701,0.03707,3257678.0
2026-02-28 09:45:00+00:00,0.03707,0.03782,0.03683,0.03713,2443844.0
2026-02-28 10:00:00+00:00,0.03713,0.03716,0.03518,0.03597,6934327.0
2026-02-28 10:15:00+00:00,0.03597,0.0371,0.03586,0.03669,2809730.0
2026-02-28 10:30:00+00:00,0.03669,0.0378,0.0366,0.03768,5817278.0
2026-02-28 10:45:00+00:00,0.03768,0.03789,0.03715,0.03768,2354894.0
2026-02-28 11:00:00+00:00,0.03768,0.03855,0.03733,0.03768,8873704.0
2026-02-28 11:15:00+00:00,0.03768,0.03774,0.0363,0.03701,4610919.0
2026-02-28 11:30:00+00:00,0.03701,0.03732,0.03682,0.03705,2837750.0
2026-02-28 11:45:00+00:00,0.03705,0.03733,0.03664,0.03695,1244125.0
2026-02-28 12:00:00+00:00,0.03695,0.03695,0.036,0.0364,2125748.0
2026-02-28 12:15:00+00:00,0.0364,0.03656,0.03561,0.03594,1961846.0
2026-02-28 12:30:00+00:00,0.03594,0.0364,0.0355,0.03582,1356114.0
2026-02-28 12:45:00+00:00,0.03582,0.03607,0.0355,0.03585,1917116.0
2026-02-28 13:00:00+00:00,0.03585,0.0367,0.03585,0.03667,2758134.0
2026-02-28 13:15:00+00:00,0.03667,0.03676,0.03462,0.03551,4765158.0
2026-02-28 13:30:00+00:00,0.03551,0.03553,0.0345,0.0352,6180230.0
2026-02-28 13:45:00+00:00,0.0352,0.03576,0.03518,0.03561,3196780.0
2026-02-28 14:00:00+00:00,0.03561,0.03628,0.03526,0.0359,2844254.0
2026-02-28 14:15:00+00:00,0.0359,0.0367,0.03585,0.0367,2404123.0
2026-02-28 14:30:00+00:00,0.0367,0.03773,0.03633,0.03654,4694692.0
2026-02-28 14:45:00+00:00,0.03654,0.03683,0.03548,0.03592,3265209.0
2026-02-28 15:00:00+00:00,0.03592,0.03687,0.03578,0.03648,1717058.0
2026-02-28 15:15:00+00:00,0.03648,0.03796,0.03635,0.03743,1756278.0
2026-02-28 15:30:00+00:00,0.03743,0.03838,0.03709,0.03801,3318800.0
2026-02-28 15:45:00+00:00,0.03801,0.03884,0.03762,0.0381,2933059.0
2026-02-28 16:00:00+00:00,0.0381,0.04035,0.0375,0.03967,7020639.0
2026-02-28 16:15:00+00:00,0.03967,0.04116,0.03843,0.03917,14669304.0
2026-02-28 16:30:00+00:00,0.03917,0.03925,0.03834,0.03904,4033159.0
2026-02-28 16:45:00+00:00,0.03904,0.03914,0.03645,0.03714,8110105.0
2026-02-28 17:00:00+00:00,0.03714,0.03743,0.03686,0.0373,2631525.0
2026-02-28 17:15:00+00:00,0.0373,0.03746,0.03625,0.03702,2889020.0
2026-02-28 17:30:00+00:00,0.03702,0.03702,0.03578,0.03616,1836407.0
2026-02-28 17:45:00+00:00,0.03616,0.03708,0.03577,0.03687,4045543.0
2026-02-28 18:00:00+00:00,0.03687,0.038,0.03674,0.03781,1771572.0
2026-02-28 18:15:00+00:00,0.03781,0.0382,0.037,0.03739,3874219.0
2026-02-28 18:30:00+00:00,0.03739,0.03784,0.03702,0.03769,1342315.0
2026-02-28 18:45:00+00:00,0.03769,0.03876,0.03769,0.03824,6476310.0
2026-02-28 19:00:00+00:00,0.03824,0.03847,0.03782,0.038,908085.0
2026-02-28 19:15:00+00:00,0.038,0.03826,0.0378,0.0382,898482.0
2026-02-28 19:30:00+00:00,0.0382,0.03884,0.03818,0.03847,1933377.0
2026-02-28 19:45:00+00:00,0.03847,0.03894,0.03765,0.0383,2835753.0
2026-02-28 20:00:00+00:00,0.0383,0.03867,0.03785,0.03863,5629482.0
2026-02-28 20:15:00+00:00,0.03863,0.03947,0.03839,0.03894,3707383.0
2026-02-28 20:30:00+00:00,0.03894,0.03968,0.03881,0.03918,6757058.0
2026-02-28 20:45:00+00:00,0.03918,0.03991,0.03856,0.03947,4770949.0
2026-02-28 21:00:00+00:00,0.03947,0.03972,0.03884,0.03884,1486932.0
2026-02-28 21:15:00+00:00,0.03884,0.03884,0.03818,0.03832,415911.0
2026-02-28 21:30:00+00:00,0.03832,0.03874,0.03803,0.0383,598237.0
2026-02-28 21:45:00+00:00,0.0383,0.03859,0.03735,0.03764,895149.0
2026-02-28 22:00:00+00:00,0.03764,0.03834,0.03739,0.0379,1618856.0
2026-02-28 22:15:00+00:00,0.0379,0.03834,0.03764,0.03793,143194.0
2026-02-28 22:30:00+00:00,0.03793,0.03858,0.03758,0.0383,620182.0
2026-02-28 22:45:00+00:00,0.0383,0.0383,0.03785,0.03785,817429.0
2026-02-28 23:00:00+00:00,0.03785,0.0385,0.03742,0.03757,882071.0
2026-02-28 23:15:00+00:00,0.03757,0.03872,0.03734,0.03851,860490.0
2026-02-28 23:30:00+00:00,0.03851,0.03878,0.03828,0.03858,512419.0
2026-02-28 23:45:00+00:00,0.03858,0.03858,0.03749,0.03755,775350.0
2026-03-01 00:00:00+00:00,0.03755,0.03755,0.03607,0.03657,8014673.0
2026-03-01 00:15:00+00:00,0.03657,0.03731,0.03596,0.03727,872859.0
2026-03-01 00:30:00+00:00,0.03727,0.03798,0.03686,0.03767,2336055.0
2026-03-01 00:45:00+00:00,0.03767,0.03857,0.03749,0.03842,755392.0
2026-03-01 01:00:00+00:00,0.03842,0.03865,0.03769,0.03857,1539723.0
2026-03-01 01:15:00+00:00,0.03857,0.03857,0.03792,0.0381,901874.0
2026-03-01 01:30:00+00:00,0.0381,0.03825,0.0373,0.03768,921796.0
2026-03-01 01:45:00+00:00,0.03768,0.03932,0.03753,0.03931,969078.0
2026-03-01 02:00:00+00:00,0.03931,0.03974,0.03866,0.03945,1786288.0
2026-03-01 02:15:00+00:00,0.03945,0.0395,0.03835,0.03891,1488947.0
2026-03-01 02:30:00+00:00,0.03891,0.03894,0.03843,0.0385,192052.0
2026-03-01 02:45:00+00:00,0.0385,0.03941,0.0385,0.03915,1180013.0
2026-03-01 03:00:00+00:00,0.03915,0.03924,0.03858,0.03881,1372230.0
2026-03-01 03:15:00+00:00,0.03881,0.03884,0.03828,0.03881,191797.0
2026-03-01 03:30:00+00:00,0.03881,0.03904,0.03868,0.03884,163798.0
2026-03-01 03:45:00+00:00,0.03884,0.03884,0.0382,0.03824,167541.0
2026-03-01 04:00:00+00:00,0.03824,0.03867,0.03714,0.03744,2759709.0
2026-03-01 04:15:00+00:00,0.03744,0.03767,0.0368,0.03695,1264918.0
2026-03-01 04:30:00+00:00,0.03695,0.03757,0.03695,0.03746,722406.0
2026-03-01 04:45:00+00:00,0.03746,0.03797,0.03734,0.03772,2869459.0
2026-03-01 05:00:00+00:00,0.03772,0.03778,0.03726,0.03767,1888935.0
2026-03-01 05:15:00+00:00,0.03767,0.0379,0.03723,0.03735,311802.0
2026-03-01 05:30:00+00:00,0.03735,0.03819,0.03729,0.03812,1201457.0
2026-03-01 05:45:00+00:00,0.03812,0.03854,0.038,0.03829,583070.0
2026-03-01 06:00:00+00:00,0.03829,0.03866,0.03809,0.0381,468665.0
2026-03-01 06:15:00+00:00,0.0381,0.03817,0.03774,0.03807,334582.0
2026-03-01 06:30:00+00:00,0.03807,0.03925,0.0379,0.03865,2529277.0
2026-03-01 06:45:00+00:00,0.03865,0.03924,0.0384,0.03891,1776375.0
2026-03-01 07:00:00+00:00,0.03891,0.03919,0.03808,0.03842,1255298.0
2026-03-01 07:15:00+00:00,0.03842,0.0385,0.03805,0.03839,842734.0
2026-03-01 07:30:00+00:00,0.03839,0.03863,0.0373,0.03797,2344396.0
2026-03-01 07:45:00+00:00,0.03797,0.03797,0.03752,0.03779,1449860.0
2026-03-01 08:00:00+00:00,0.03779,0.03802,0.03762,0.03777,431446.0
2026-03-01 08:15:00+00:00,0.03777,0.03845,0.0374,0.03845,4688361.0
2026-03-01 08:30:00+00:00,0.03845,0.03883,0.03816,0.03858,1039194.0
2026-03-01 08:45:00+00:00,0.03858,0.03868,0.0376,0.03802,1915818.0
2026-03-01 09:00:00+00:00,0.03802,0.03859,0.03777,0.03851,498929.0
2026-03-01 09:15:00+00:00,0.03851,0.0387,0.03821,0.03829,524998.0
2026-03-01 09:30:00+00:00,0.03829,0.03829,0.03772,0.0378,1811332.0
2026-03-01 09:45:00+00:00,0.0378,0.03793,0.03697,0.03712,3680344.0
2026-03-01 10:00:00+00:00,0.03712,0.03712,0.03632,0.03699,2519063.0
2026-03-01 10:15:00+00:00,0.03699,0.03724,0.03662,0.03702,540671.0
2026-03-01 10:30:00+00:00,0.03702,0.03726,0.03688,0.03709,584494.0
2026-03-01 10:45:00+00:00,0.03709,0.03751,0.03695,0.03709,1538474.0
2026-03-01 11:00:00+00:00,0.03709,0.03742,0.03709,0.03742,938459.0
2026-03-01 11:15:00+00:00,0.03742,0.03757,0.03681,0.03703,1146148.0
2026-03-01 11:30:00+00:00,0.03703,0.03738,0.03697,0.03712,933875.0
2026-03-01 11:45:00+00:00,0.03712,0.03728,0.03697,0.0371,463421.0
2026-03-01 12:00:00+00:00,0.0371,0.03794,0.03702,0.0378,852448.0
2026-03-01 12:15:00+00:00,0.0378,0.0378,0.03746,0.03752,438021.0
2026-03-01 12:30:00+00:00,0.03752,0.03766,0.03733,0.03766,266929.0
2026-03-01 12:45:00+00:00,0.03766,0.03767,0.03663,0.0367,890237.0
2026-03-01 13:00:00+00:00,0.0367,0.03712,0.03651,0.03711,682492.0
2026-03-01 13:15:00+00:00,0.03711,0.03715,0.03665,0.0371,753160.0
2026-03-01 13:30:00+00:00,0.0371,0.03768,0.0371,0.03741,825625.0
2026-03-01 13:45:00+00:00,0.03741,0.03761,0.03716,0.0374,694622.0
2026-03-01 14:00:00+00:00,0.0374,0.03757,0.03718,0.03747,701270.0
2026-03-01 14:15:00+00:00,0.03747,0.03753,0.03689,0.03707,913265.0
2026-03-01 14:30:00+00:00,0.03707,0.03727,0.03664,0.03691,812837.0
2026-03-01 14:45:00+00:00,0.03691,0.03733,0.03685,0.03731,202493.0
2026-03-01 15:00:00+00:00,0.03731,0.03738,0.03695,0.03705,1269113.0
2026-03-01 15:15:00+00:00,0.03705,0.03711,0.03679,0.03702,361817.0
2026-03-01 15:30:00+00:00,0.03702,0.03717,0.03688,0.03714,518367.0
2026-03-01 15:45:00+00:00,0.03714,0.03842,0.03714,0.03818,2838965.0
2026-03-01 16:00:00+00:00,0.03818,0.0388,0.03774,0.03785,1827287.0
2026-03-01 16:15:00+00:00,0.03785,0.03827,0.03749,0.03762,2015036.0
2026-03-01 16:30:00+00:00,0.03762,0.03769,0.03742,0.03765,347678.0
2026-03-01 16:45:00+00:00,0.03765,0.03775,0.037,0.03701,2028591.0
2026-03-01 17:00:00+00:00,0.03701,0.03767,0.03701,0.03732,2097849.0
2026-03-01 17:30:00+00:00,0.03696,0.03716,0.03687,0.03716,123330.0
2026-03-01 17:45:00+00:00,0.03716,0.03721,0.03692,0.03698,270984.0
2026-03-01 18:00:00+00:00,0.03698,0.03756,0.03696,0.03721,1186581.0
2026-03-01 18:15:00+00:00,0.03721,0.03735,0.03717,0.03732,539248.0
2026-03-01 18:30:00+00:00,0.03732,0.03809,0.03729,0.03802,834254.0
2026-03-01 18:45:00+00:00,0.03802,0.03864,0.03797,0.03829,1471320.0
2026-03-01 19:00:00+00:00,0.03829,0.03833,0.03789,0.03796,553700.0
2026-03-01 19:15:00+00:00,0.03796,0.03819,0.03779,0.03794,1024969.0
2026-03-01 19:30:00+00:00,0.03794,0.03854,0.03778,0.03854,4410363.0
2026-03-01 19:45:00+00:00,0.03854,0.0392,0.03838,0.03897,6115591.0
2026-03-01 20:00:00+00:00,0.03897,0.0391,0.03847,0.03883,7657191.0
2026-03-01 20:15:00+00:00,0.03883,0.03902,0.03836,0.03843,3020535.0
2026-03-01 20:30:00+00:00,0.03843,0.03847,0.03785,0.03796,4590968.0
2026-03-01 20:45:00+00:00,0.03796,0.03807,0.03748,0.03752,4157953.0
2026-03-01 21:00:00+00:00,0.03752,0.03798,0.0375,0.03784,2105143.0
2026-03-01 21:15:00+00:00,0.03784,0.03822,0.03773,0.03798,504743.0
2026-03-01 21:30:00+00:00,0.03798,0.03848,0.03764,0.03839,872208.0
2026-03-01 21:45:00+00:00,0.03839,0.03839,0.03803,0.0383,149323.0
2026-03-01 22:00:00+00:00,0.0383,0.04017,0.03828,0.03929,2574407.0
2026-03-01 22:15:00+00:00,0.03929,0.03968,0.03891,0.03928,964143.0
2026-03-01 22:30:00+00:00,0.03928,0.03928,0.03858,0.03882,1179618.0
2026-03-01 22:45:00+00:00,0.03882,0.0389,0.03843,0.03888,1800541.0
2026-03-01 23:00:00+00:00,0.03888,0.04026,0.03884,0.04006,870635.0
2026-03-01 23:15:00+00:00,0.04006,0.04116,0.03977,0.04003,2847316.0
2026-03-01 23:30:00+00:00,0.04003,0.04023,0.03916,0.03923,1741989.0
2026-03-01 23:45:00+00:00,0.03923,0.04055,0.0389,0.04017,1367046.0
2026-03-02 00:00:00+00:00,0.04017,0.04087,0.03962,0.04074,1210845.0
2026-03-02 00:15:00+00:00,0.04074,0.04161,0.04018,0.04035,2503221.0
2026-03-02 00:30:00+00:00,0.04035,0.04069,0.03955,0.0406,1589908.0
2026-03-02 00:45:00+00:00,0.0406,0.04079,0.0401,0.04013,923434.0
2026-03-02 01:00:00+00:00,0.04013,0.0405,0.03988,0.04007,512744.0
2026-03-02 01:15:00+00:00,0.04007,0.04018,0.038,0.03879,3440929.0
2026-03-02 01:30:00+00:00,0.03879,0.03898,0.03828,0.03866,1100557.0
2026-03-02 01:45:00+00:00,0.03866,0.03911,0.03842,0.03904,654704.0
2026-03-02 02:00:00+00:00,0.03904,0.03955,0.03873,0.03877,658891.0
2026-03-02 02:15:00+00:00,0.03877,0.03918,0.03866,0.03881,523911.0
2026-03-02 02:30:00+00:00,0.03881,0.0397,0.03861,0.03963,959352.0
2026-03-02 02:45:00+00:00,0.03963,0.03963,0.03916,0.03952,678816.0
2026-03-02 03:00:00+00:00,0.03952,0.03996,0.03931,0.0398,511111.0
2026-03-02 03:15:00+00:00,0.0398,0.04082,0.03976,0.04051,2102258.0
2026-03-02 03:30:00+00:00,0.04051,0.04067,0.04014,0.04017,1196980.0
2026-03-02 03:45:00+00:00,0.04017,0.0404,0.03986,0.04021,1182031.0
2026-03-02 04:00:00+00:00,0.04021,0.04078,0.04001,0.04006,1614873.0
2026-03-02 04:15:00+00:00,0.04006,0.04006,0.03934,0.03958,1697413.0
2026-03-02 04:30:00+00:00,0.03958,0.03976,0.03943,0.03951,340249.0
2026-03-02 04:45:00+00:00,0.03951,0.03963,0.03906,0.03953,1274964.0
2026-03-02 05:00:00+00:00,0.03953,0.03953,0.03905,0.03938,334569.0
2026-03-02 05:15:00+00:00,0.03938,0.03969,0.03914,0.03924,1360153.0
2026-03-02 05:30:00+00:00,0.03924,0.03965,0.03924,0.03961,262997.0
2026-03-02 05:45:00+00:00,0.03961,0.04043,0.03961,0.04032,1528386.0
2026-03-02 06:00:00+00:00,0.04032,0.0404,0.03933,0.0394,2485883.0
2026-03-02 06:15:00+00:00,0.0394,0.0394,0.03833,0.03882,1431915.0
2026-03-02 06:30:00+00:00,0.03882,0.03914,0.03857,0.03905,686353.0
2026-03-02 06:45:00+00:00,0.03905,0.03931,0.0388,0.0388,1069249.0
2026-03-02 07:00:00+00:00,0.0388,0.03891,0.03847,0.03855,1149795.0
2026-03-02 07:15:00+00:00,0.03855,0.03927,0.03847,0.03911,480070.0
2026-03-02 07:30:00+00:00,0.03911,0.03943,0.03878,0.03888,651458.0
2026-03-02 07:45:00+00:00,0.03888,0.03926,0.03858,0.03916,925242.0
2026-03-02 08:00:00+00:00,0.03916,0.03938,0.03894,0.03938,607912.0
2026-03-02 08:15:00+00:00,0.03938,0.03975,0.03897,0.03962,1380754.0
2026-03-02 08:30:00+00:00,0.03962,0.04067,0.03962,0.04037,2300638.0
2026-03-02 08:45:00+00:00,0.04037,0.0442,0.04017,0.04371,9336155.0
2026-03-02 09:00:00+00:00,0.04371,0.04444,0.04176,0.04219,7996986.0
2026-03-02 09:15:00+00:00,0.04219,0.0435,0.0418,0.04253,3202233.0
2026-03-02 09:30:00+00:00,0.04253,0.04356,0.04233,0.04345,3126953.0
2026-03-02 09:45:00+00:00,0.04345,0.0437,0.04225,0.04289,4025938.0
2026-03-02 10:00:00+00:00,0.04289,0.04298,0.04243,0.04268,2217081.0
2026-03-02 10:15:00+00:00,0.04268,0.04285,0.04222,0.0427,1348500.0
2026-03-02 10:30:00+00:00,0.0427,0.04343,0.04258,0.04261,1868745.0
2026-03-02 10:45:00+00:00,0.04261,0.04376,0.04255,0.04367,1326396.0
2026-03-02 11:00:00+00:00,0.04367,0.04391,0.04305,0.04318,2915844.0
2026-03-02 11:15:00+00:00,0.04318,0.0442,0.04273,0.04388,2246245.0
2026-03-02 11:30:00+00:00,0.04388,0.04665,0.04379,0.04579,10019629.0
2026-03-02 11:45:00+00:00,0.04579,0.0492,0.0453,0.0472,12394267.0
2026-03-02 12:00:00+00:00,0.0472,0.04783,0.04519,0.04737,9408148.0
2026-03-02 12:15:00+00:00,0.04737,0.04899,0.04654,0.04708,7016938.0
2026-03-02 12:30:00+00:00,0.04708,0.04754,0.04637,0.04711,5624978.0
2026-03-02 12:45:00+00:00,0.04711,0.04817,0.04662,0.04763,6656880.0
2026-03-02 13:00:00+00:00,0.04763,0.0486,0.04721,0.04784,4739707.0
2026-03-02 13:15:00+00:00,0.04784,0.04833,0.04675,0.04729,4193408.0
2026-03-02 13:30:00+00:00,0.04729,0.0496,0.04656,0.04869,10356181.0
2026-03-02 13:45:00+00:00,0.04869,0.04971,0.04538,0.04703,16630533.0
2026-03-02 14:00:00+00:00,0.04703,0.04848,0.04683,0.04822,7397374.0
2026-03-02 14:15:00+00:00,0.04822,0.04928,0.0475,0.04767,6250190.0
2026-03-02 14:30:00+00:00,0.04767,0.05149,0.04767,0.05043,12749048.0
2026-03-02 14:45:00+00:00,0.05043,0.05252,0.04983,0.05188,10403931.0
2026-03-02 15:00:00+00:00,0.05188,0.05771,0.05117,0.05723,16020053.0
2026-03-02 15:15:00+00:00,0.05723,0.0577,0.05435,0.05482,7805877.0
2026-03-02 15:30:00+00:00,0.05482,0.05641,0.05337,0.05485,10184869.0
2026-03-02 15:45:00+00:00,0.05485,0.05853,0.0545,0.05637,8889199.0
2026-03-02 16:00:00+00:00,0.05637,0.05947,0.05471,0.05914,18456410.0
2026-03-02 16:15:00+00:00,0.05914,0.06189,0.0579,0.05873,19998012.0
2026-03-02 16:30:00+00:00,0.05873,0.05924,0.05717,0.05872,8686789.0
2026-03-02 16:45:00+00:00,0.05872,0.0592,0.05724,0.05811,4680316.0
2026-03-02 17:00:00+00:00,0.05811,0.06011,0.05784,0.05923,6838579.0
2026-03-02 17:15:00+00:00,0.05923,0.05953,0.05391,0.05479,11915495.0
2026-03-02 17:30:00+00:00,0.05479,0.05695,0.05478,0.05607,7735298.0
2026-03-02 17:45:00+00:00,0.05607,0.06086,0.0559,0.06007,12237848.0
2026-03-02 18:00:00+00:00,0.06007,0.06247,0.05873,0.06192,14360714.0
2026-03-02 18:15:00+00:00,0.06192,0.06213,0.05691,0.05843,17447452.0
2026-03-02 18:30:00+00:00,0.05843,0.05984,0.05814,0.05918,9679283.0
2026-03-02 18:45:00+00:00,0.05918,0.05932,0.05767,0.05856,8993035.0
2026-03-02 19:00:00+00:00,0.05856,0.0588,0.05754,0.05868,6767891.0
2026-03-02 19:15:00+00:00,0.05868,0.0595,0.05834,0.05907,4612827.0
2026-03-02 19:30:00+00:00,0.05907,0.05999,0.05872,0.05929,5713113.0
2026-03-02 19:45:00+00:00,0.05929,0.05976,0.05875,0.05893,2903550.0
2026-03-02 20:00:00+00:00,0.05893,0.05969,0.05778,0.058,3352085.0
2026-03-02 20:15:00+00:00,0.058,0.05839,0.0553,0.0556,6289521.0
2026-03-02 20:30:00+00:00,0.0556,0.05687,0.0544,0.05625,7798312.0
2026-03-02 20:45:00+00:00,0.05625,0.05666,0.05529,0.056,2628566.0
2026-03-02 21:00:00+00:00,0.056,0.05837,0.05514,0.05772,7447776.0
2026-03-02 21:15:00+00:00,0.05772,0.05897,0.05752,0.05791,6195231.0
2026-03-02 21:30:00+00:00,0.05791,0.05942,0.05766,0.0587,4519633.0
2026-03-02 21:45:00+00:00,0.0587,0.0594,0.05843,0.05899,2090670.0
2026-03-02 22:00:00+00:00,0.05899,0.06093,0.05895,0.06009,5784831.0
2026-03-02 22:15:00+00:00,0.06009,0.06041,0.05823,0.05847,4266147.0
2026-03-02 22:30:00+00:00,0.05847,0.05847,0.05641,0.05642,3664619.0
2026-03-02 22:45:00+00:00,0.05642,0.0583,0.05642,0.0579,5731909.0
2026-03-02 23:00:00+00:00,0.0579,0.05854,0.05684,0.05698,3342052.0
2026-03-02 23:15:00+00:00,0.05698,0.05817,0.05613,0.05628,2482236.0
2026-03-02 23:30:00+00:00,0.05628,0.0567,0.05559,0.05594,2932215.0
2026-03-02 23:45:00+00:00,0.05594,0.05676,0.05522,0.05656,1918750.0
2026-03-03 00:00:00+00:00,0.05656,0.05743,0.05149,0.05318,11608170.0
2026-03-03 00:15:00+00:00,0.05318,0.05375,0.05177,0.0533,6554782.0
2026-03-03 00:30:00+00:00,0.0533,0.05385,0.05255,0.0527,3501328.0
2026-03-03 00:45:00+00:00,0.0527,0.05343,0.05264,0.05308,1752864.0
2026-03-03 01:00:00+00:00,0.05308,0.05339,0.05243,0.05291,3163511.0
2026-03-03 01:15:00+00:00,0.05291,0.05296,0.05102,0.05237,4298672.0
2026-03-03 01:30:00+00:00,0.05237,0.05305,0.05182,0.0525,3040688.0
2026-03-03 01:45:00+00:00,0.0525,0.0539,0.05191,0.05295,4465464.0
2026-03-03 02:00:00+00:00,0.05295,0.05295,0.05036,0.05056,8129815.0
2026-03-03 02:15:00+00:00,0.05056,0.0508,0.04901,0.0496,8829124.0
2026-03-03 02:30:00+00:00,0.0496,0.04979,0.048,0.0484,9515703.0
2026-03-03 02:45:00+00:00,0.0484,0.0485,0.0474,0.04764,7072852.0
2026-03-03 03:00:00+00:00,0.04764,0.0494,0.04764,0.04907,5948751.0
2026-03-03 03:15:00+00:00,0.04907,0.05038,0.04889,0.04959,5479433.0
2026-03-03 03:30:00+00:00,0.04959,0.05075,0.04959,0.05037,3283414.0
2026-03-03 03:45:00+00:00,0.05037,0.05071,0.04969,0.0506,2031642.0
2026-03-03 04:00:00+00:00,0.0506,0.05073,0.04953,0.04963,2726208.0
2026-03-03 04:15:00+00:00,0.04963,0.05017,0.04926,0.04996,2139283.0
2026-03-03 04:30:00+00:00,0.04996,0.05,0.04831,0.04855,3059315.0
2026-03-03 04:45:00+00:00,0.04855,0.04927,0.04841,0.04927,1673582.0
2026-03-03 05:00:00+00:00,0.04927,0.05015,0.04845,0.04937,3933768.0
2026-03-03 05:15:00+00:00,0.04937,0.04973,0.04877,0.0494,1877817.0
2026-03-03 05:30:00+00:00,0.0494,0.0494,0.04867,0.049,1540390.0
2026-03-03 05:45:00+00:00,0.049,0.04926,0.04851,0.0488,1291966.0
2026-03-03 06:00:00+00:00,0.0488,0.04883,0.04671,0.04815,5800489.0
2026-03-03 06:15:00+00:00,0.04815,0.0492,0.04813,0.04916,2714905.0
2026-03-03 06:30:00+00:00,0.04916,0.05044,0.0485,0.05006,4827487.0
2026-03-03 06:45:00+00:00,0.05006,0.05037,0.04941,0.04996,1378518.0
2026-03-03 07:00:00+00:00,0.04996,0.05033,0.04927,0.0498,1885647.0
2026-03-03 07:15:00+00:00,0.0498,0.05031,0.04948,0.04964,2296357.0
2026-03-03 07:30:00+00:00,0.04964,0.04975,0.04827,0.04912,3408416.0
2026-03-03 07:45:00+00:00,0.04912,0.04921,0.04763,0.04819,6281080.0
2026-03-03 08:00:00+00:00,0.04819,0.04834,0.04749,0.04774,4564029.0
2026-03-03 08:15:00+00:00,0.04774,0.04781,0.047,0.04727,3875547.0
2026-03-03 08:30:00+00:00,0.04727,0.04883,0.0472,0.04805,4344992.0
2026-03-03 08:45:00+00:00,0.04805,0.0486,0.04777,0.04858,1644492.0
2026-03-03 09:00:00+00:00,0.04858,0.05011,0.04853,0.04971,4561542.0
2026-03-03 09:15:00+00:00,0.04971,0.04971,0.04809,0.04823,3607166.0
2026-03-03 09:30:00+00:00,0.04823,0.04838,0.04752,0.04786,4426230.0
2026-03-03 09:45:00+00:00,0.04786,0.04813,0.0475,0.04804,1546236.0
2026-03-03 10:00:00+00:00,0.04804,0.04804,0.04503,0.04608,10963460.0
2026-03-03 10:15:00+00:00,0.04608,0.0476,0.04605,0.04706,3099296.0
2026-03-03 10:30:00+00:00,0.04706,0.04739,0.04673,0.04677,1259195.0
2026-03-03 10:45:00+00:00,0.04677,0.04692,0.04632,0.04658,2405171.0
2026-03-03 11:00:00+00:00,0.04658,0.0466,0.04539,0.0456,3836415.0
2026-03-03 11:15:00+00:00,0.0456,0.04636,0.04506,0.04578,1905502.0
2026-03-03 11:30:00+00:00,0.04578,0.04625,0.04551,0.04555,1339033.0
2026-03-03 11:45:00+00:00,0.04555,0.04563,0.04444,0.04538,3330381.0
2026-03-03 12:00:00+00:00,0.04538,0.04622,0.04507,0.04585,3516115.0
2026-03-03 12:15:00+00:00,0.04585,0.04594,0.04426,0.04443,5256775.0
2026-03-03 12:30:00+00:00,0.04443,0.04446,0.04366,0.0443,4439573.0
2026-03-03 12:45:00+00:00,0.0443,0.0443,0.0435,0.04414,2038803.0
2026-03-03 13:00:00+00:00,0.04414,0.04475,0.04322,0.04363,3361176.0
2026-03-03 13:15:00+00:00,0.04363,0.0444,0.04353,0.04421,2543159.0
2026-03-03 13:30:00+00:00,0.04421,0.0445,0.04377,0.04446,2594218.0
2026-03-03 13:45:00+00:00,0.04446,0.04449,0.0437,0.04432,904666.0
2026-03-03 14:00:00+00:00,0.04432,0.04586,0.0442,0.04585,4262945.0
2026-03-03 14:15:00+00:00,0.04585,0.04637,0.04505,0.04623,3570516.0
2026-03-03 14:30:00+00:00,0.04623,0.04713,0.04519,0.04542,5120546.0
2026-03-03 14:45:00+00:00,0.04542,0.04598,0.04498,0.04524,2301692.0
2026-03-03 15:00:00+00:00,0.04524,0.04524,0.04436,0.04483,4466318.0
2026-03-03 15:15:00+00:00,0.04483,0.04496,0.0439,0.04394,2059475.0
2026-03-03 15:30:00+00:00,0.04394,0.0447,0.04394,0.04418,1520510.0
2026-03-03 15:45:00+00:00,0.04418,0.04451,0.04391,0.04441,1411682.0
2026-03-03 16:00:00+00:00,0.04441,0.04505,0.0436,0.04477,3656782.0
2026-03-03 16:15:00+00:00,0.04477,0.04682,0.04477,0.0462,3578063.0
2026-03-03 16:30:00+00:00,0.0462,0.04645,0.04495,0.0453,2429694.0
2026-03-03 16:45:00+00:00,0.0453,0.04603,0.0446,0.04563,2329731.0
2026-03-03 17:00:00+00:00,0.04563,0.04633,0.04519,0.0461,2825740.0
2026-03-03 17:15:00+00:00,0.0461,0.04744,0.04593,0.04655,3385383.0
2026-03-03 17:30:00+00:00,0.04655,0.04715,0.04574,0.04691,1303021.0
2026-03-03 17:45:00+00:00,0.04691,0.04723,0.04636,0.04652,811975.0
2026-03-03 18:00:00+00:00,0.04652,0.04698,0.0461,0.04625,449627.0
2026-03-03 18:15:00+00:00,0.04625,0.04675,0.04625,0.04639,947764.0
2026-03-03 18:30:00+00:00,0.04639,0.04691,0.04623,0.04651,820352.0
2026-03-03 18:45:00+00:00,0.04651,0.04738,0.04651,0.04687,621564.0
2026-03-03 19:00:00+00:00,0.04687,0.04726,0.04645,0.04712,1159919.0
2026-03-03 19:15:00+00:00,0.04712,0.04837,0.04701,0.04794,2917662.0
2026-03-03 19:45:00+00:00,0.04855,0.04949,0.04797,0.04901,1170321.0
2026-03-03 20:00:00+00:00,0.04901,0.04907,0.04819,0.04851,630155.0
2026-03-03 20:15:00+00:00,0.04851,0.04998,0.04835,0.04995,6761621.0
2026-03-03 20:30:00+00:00,0.04995,0.05017,0.04888,0.04975,5072346.0
2026-03-03 20:45:00+00:00,0.04975,0.05044,0.04875,0.04931,5640312.0
2026-03-03 21:00:00+00:00,0.04931,0.04961,0.04899,0.0491,2640641.0
2026-03-03 21:15:00+00:00,0.0491,0.04929,0.0486,0.04919,2845215.0
2026-03-03 21:30:00+00:00,0.04919,0.04993,0.04902,0.04954,1308372.0
2026-03-03 21:45:00+00:00,0.04954,0.04954,0.04884,0.04911,6026811.0
2026-03-03 22:00:00+00:00,0.04911,0.05052,0.04903,0.05025,2406855.0
2026-03-03 22:15:00+00:00,0.05025,0.05125,0.04975,0.05047,1291539.0
2026-03-03 22:30:00+00:00,0.05047,0.05074,0.04987,0.05046,1405413.0
2026-03-03 22:45:00+00:00,0.05046,0.05046,0.0497,0.04989,2465884.0
2026-03-03 23:00:00+00:00,0.04989,0.05015,0.04875,0.04907,3141661.0
2026-03-03 23:15:00+00:00,0.04907,0.04978,0.04884,0.04957,2028221.0
2026-03-03 23:30:00+00:00,0.04957,0.05008,0.04917,0.04962,679418.0
2026-03-03 23:45:00+00:00,0.04962,0.04962,0.04904,0.04938,743910.0
2026-03-04 00:00:00+00:00,0.04938,0.05029,0.0491,0.05017,1575806.0
2026-03-04 00:15:00+00:00,0.05017,0.0517,0.04991,0.05122,2522761.0
2026-03-04 00:30:00+00:00,0.05122,0.05124,0.04987,0.05058,2337404.0
2026-03-04 00:45:00+00:00,0.05058,0.05134,0.05029,0.05087,1182507.0
2026-03-04 01:00:00+00:00,0.05087,0.05112,0.04998,0.0507,678805.0
2026-03-04 01:15:00+00:00,0.0507,0.05222,0.05002,0.05155,1743383.0
2026-03-04 01:30:00+00:00,0.05155,0.05244,0.0507,0.05086,1627128.0
2026-03-04 01:45:00+00:00,0.05086,0.05188,0.05027,0.05139,952983.0
2026-03-04 02:00:00+00:00,0.05139,0.05211,0.05089,0.05178,836762.0
2026-03-04 02:15:00+00:00,0.05178,0.05328,0.05178,0.05282,3503546.0
2026-03-04 02:30:00+00:00,0.05282,0.05373,0.05264,0.05309,1127572.0
2026-03-04 02:45:00+00:00,0.05309,0.0551,0.05294,0.05492,3349224.0
2026-03-04 03:00:00+00:00,0.05492,0.05531,0.05396,0.05422,2081482.0
2026-03-04 03:15:00+00:00,0.05422,0.05457,0.05103,0.05241,6014750.0
2026-03-04 03:30:00+00:00,0.05241,0.05322,0.05176,0.05269,2085518.0
2026-03-04 03:45:00+00:00,0.05269,0.05269,0.0517,0.05198,855811.0
2026-03-04 04:00:00+00:00,0.05198,0.05282,0.05144,0.05252,1627984.0
2026-03-04 04:15:00+00:00,0.05252,0.05381,0.05234,0.05335,1813866.0
2026-03-04 04:30:00+00:00,0.05335,0.05433,0.05258,0.05333,2257757.0
2026-03-04 04:45:00+00:00,0.05333,0.05372,0.05259,0.0535,1299955.0
2026-03-04 05:00:00+00:00,0.0535,0.05477,0.05288,0.05446,2090540.0
2026-03-04 05:15:00+00:00,0.05446,0.055,0.05375,0.05489,929037.0
2026-03-04 05:30:00+00:00,0.05489,0.05661,0.05459,0.05612,2415747.0
2026-03-04 05:45:00+00:00,0.05612,0.05653,0.05319,0.05325,4345805.0
2026-03-04 06:00:00+00:00,0.05325,0.05362,0.05003,0.05079,5291127.0
2026-03-04 06:15:00+00:00,0.05079,0.05207,0.0495,0.05145,4168861.0
2026-03-04 06:30:00+00:00,0.05145,0.05193,0.04826,0.04914,3854495.0
2026-03-04 06:45:00+00:00,0.04914,0.04931,0.04723,0.04806,3717927.0
2026-03-04 07:00:00+00:00,0.04806,0.04891,0.04793,0.0487,1943248.0
2026-03-04 07:15:00+00:00,0.0487,0.04942,0.04827,0.0487,2555484.0
2026-03-04 07:30:00+00:00,0.0487,0.04908,0.0477,0.04827,2377237.0
2026-03-04 07:45:00+00:00,0.04827,0.04862,0.04811,0.04824,2276027.0
2026-03-04 08:00:00+00:00,0.04824,0.04865,0.04778,0.04821,1875281.0
2026-03-04 08:15:00+00:00,0.04821,0.04834,0.04705,0.04728,6144867.0
2026-03-04 08:30:00+00:00,0.04728,0.04729,0.04568,0.04667,5662827.0
2026-03-04 08:45:00+00:00,0.04667,0.04782,0.04649,0.04773,2850458.0
2026-03-04 09:00:00+00:00,0.04773,0.04832,0.04693,0.04713,3114497.0
2026-03-04 09:15:00+00:00,0.04713,0.04736,0.04651,0.04656,1688684.0
2026-03-04 09:30:00+00:00,0.04656,0.0471,0.04614,0.04679,1902828.0
2026-03-04 09:45:00+00:00,0.04679,0.04698,0.04565,0.04602,1195603.0
2026-03-04 10:00:00+00:00,0.04602,0.04623,0.0452,0.04621,1334347.0
2026-03-04 10:15:00+00:00,0.04621,0.04639,0.0459,0.04603,601755.0
2026-03-04 10:30:00+00:00,0.04603,0.04669,0.04572,0.04572,977766.0
2026-03-04 10:45:00+00:00,0.04572,0.046,0.04554,0.046,829414.0
2026-03-04 11:00:00+00:00,0.046,0.04646,0.04581,0.04603,2119662.0
2026-03-04 11:15:00+00:00,0.04603,0.04667,0.04576,0.04578,2275182.0
2026-03-04 11:30:00+00:00,0.04578,0.04653,0.04551,0.04638,923341.0
2026-03-04 11:45:00+00:00,0.04638,0.04678,0.04602,0.0463,2355002.0
2026-03-04 12:00:00+00:00,0.0463,0.04695,0.0455,0.04689,2524340.0
2026-03-04 12:15:00+00:00,0.04689,0.04742,0.04378,0.04412,9043070.0
2026-03-04 12:30:00+00:00,0.04412,0.04438,0.04231,0.0437,5960278.0
2026-03-04 12:45:00+00:00,0.0437,0.04409,0.04189,0.042,5266303.0
2026-03-04 13:00:00+00:00,0.042,0.05141,0.0413,0.04816,33227121.0
2026-03-04 13:15:00+00:00,0.04816,0.04832,0.04511,0.04636,12511462.0
2026-03-04 13:30:00+00:00,0.04636,0.04654,0.04385,0.04513,4960591.0
2026-03-04 13:45:00+00:00,0.04513,0.04536,0.04422,0.04516,3096931.0
2026-03-04 14:00:00+00:00,0.04516,0.04558,0.04395,0.04459,2514992.0
2026-03-04 14:15:00+00:00,0.04459,0.04529,0.04444,0.04509,1421862.0
2026-03-04 14:30:00+00:00,0.04509,0.04519,0.04284,0.04366,6969756.0
2026-03-04 14:45:00+00:00,0.04366,0.04436,0.04366,0.04426,1576105.0
2026-03-04 15:00:00+00:00,0.04426,0.04512,0.04368,0.045,2845572.0
2026-03-04 15:15:00+00:00,0.045,0.04616,0.045,0.04616,2328077.0
2026-03-04 15:30:00+00:00,0.04616,0.04625,0.0445,0.04533,2606414.0
2026-03-04 15:45:00+00:00,0.04533,0.0455,0.04436,0.04464,1699911.0
2026-03-04 16:00:00+00:00,0.04464,0.04565,0.04447,0.04525,2350300.0
2026-03-04 16:15:00+00:00,0.04525,0.04662,0.04521,0.04553,4328528.0
2026-03-04 16:30:00+00:00,0.04553,0.0466,0.04428,0.04532,14862780.0
2026-03-04 16:45:00+00:00,0.04532,0.0454,0.04107,0.04301,14476578.0
2026-03-04 17:00:00+00:00,0.04301,0.04473,0.04228,0.04464,4438333.0
2026-03-04 17:15:00+00:00,0.04464,0.04522,0.04274,0.0441,3838940.0
2026-03-04 17:30:00+00:00,0.0441,0.04453,0.04279,0.04291,1652580.0
2026-03-04 17:45:00+00:00,0.04291,0.04377,0.04286,0.0431,1527197.0
2026-03-04 18:00:00+00:00,0.0431,0.04398,0.0431,0.04393,1071873.0
2026-03-04 18:15:00+00:00,0.04393,0.04393,0.04318,0.04358,598125.0
2026-03-04 18:30:00+00:00,0.04358,0.04362,0.0428,0.04339,701769.0
2026-03-04 18:45:00+00:00,0.04339,0.04356,0.04291,0.04315,940708.0
2026-03-04 19:00:00+00:00,0.04315,0.04336,0.04313,0.04315,365442.0
2026-03-04 19:15:00+00:00,0.04315,0.04351,0.04284,0.04313,416229.0
2026-03-04 19:30:00+00:00,0.04313,0.0435,0.04273,0.04335,1509250.0
2026-03-04 19:45:00+00:00,0.04335,0.04364,0.04317,0.04342,626893.0
2026-03-04 20:00:00+00:00,0.04342,0.0446,0.0432,0.04418,2155979.0
2026-03-04 20:15:00+00:00,0.04418,0.04556,0.04416,0.04546,3136697.0
2026-03-04 20:30:00+00:00,0.04546,0.04566,0.04441,0.0448,1765071.0
2026-03-04 20:45:00+00:00,0.0448,0.0449,0.0439,0.044,2069159.0
2026-03-04 21:00:00+00:00,0.044,0.04482,0.04398,0.04398,1231845.0
2026-03-04 21:15:00+00:00,0.04398,0.04453,0.04392,0.04431,668460.0
2026-03-04 21:30:00+00:00,0.04431,0.04453,0.04408,0.04437,527399.0
2026-03-04 21:45:00+00:00,0.04437,0.04469,0.04419,0.04431,874036.0
2026-03-04 22:00:00+00:00,0.04431,0.04491,0.04424,0.04432,1099673.0
2026-03-04 22:15:00+00:00,0.04432,0.04453,0.0434,0.04378,2657647.0
2026-03-04 22:30:00+00:00,0.04378,0.04395,0.04319,0.04334,1234547.0
2026-03-04 22:45:00+00:00,0.04334,0.04336,0.04227,0.04293,2380838.0
2026-03-04 23:00:00+00:00,0.04293,0.04293,0.04199,0.04215,1666990.0
2026-03-04 23:15:00+00:00,0.04215,0.0422,0.04085,0.04167,4025052.0
2026-03-04 23:30:00+00:00,0.04167,0.04201,0.04135,0.04199,1568105.0
2026-03-04 23:45:00+00:00,0.04199,0.04231,0.04152,0.04161,2461078.0
2026-03-05 00:00:00+00:00,0.04161,0.04177,0.04103,0.04168,2429240.0
2026-03-05 00:15:00+00:00,0.04168,0.04209,0.04127,0.04139,1519538.0
2026-03-05 00:30:00+00:00,0.04139,0.04217,0.0412,0.04197,1437526.0
2026-03-05 00:45:00+00:00,0.04197,0.04217,0.04167,0.04185,1246135.0
2026-03-05 01:00:00+00:00,0.04185,0.04265,0.04185,0.04207,2137572.0
2026-03-05 01:15:00+00:00,0.04207,0.04362,0.04207,0.04327,4161252.0
2026-03-05 01:30:00+00:00,0.04327,0.04429,0.04315,0.04396,2598537.0
2026-03-05 01:45:00+00:00,0.04396,0.04445,0.04357,0.04442,2219814.0
2026-03-05 02:00:00+00:00,0.04442,0.0446,0.04335,0.04387,2006472.0
2026-03-05 02:15:00+00:00,0.04387,0.04417,0.04348,0.04379,922073.0
2026-03-05 02:30:00+00:00,0.04379,0.04394,0.04227,0.04257,4477202.0
2026-03-05 02:45:00+00:00,0.04257,0.04279,0.04209,0.04215,1607795.0
2026-03-05 03:00:00+00:00,0.04215,0.04247,0.04145,0.04169,3531469.0
2026-03-05 03:15:00+00:00,0.04169,0.04308,0.04144,0.04295,3040762.0
2026-03-05 03:30:00+00:00,0.04295,0.043,0.04187,0.04204,2454078.0
2026-03-05 03:45:00+00:00,0.04204,0.0428,0.04204,0.04261,1219158.0
2026-03-05 04:00:00+00:00,0.04261,0.04381,0.04243,0.04368,2704968.0
2026-03-05 04:15:00+00:00,0.04368,0.04472,0.04354,0.04392,4077185.0
2026-03-05 04:30:00+00:00,0.04392,0.04455,0.04345,0.0445,2327965.0
2026-03-05 04:45:00+00:00,0.0445,0.04525,0.04426,0.04521,2072151.0
2026-03-05 05:00:00+00:00,0.04521,0.04527,0.0441,0.04433,2456251.0
2026-03-05 05:15:00+00:00,0.04433,0.04481,0.04371,0.04373,1492642.0
2026-03-05 05:30:00+00:00,0.04373,0.04424,0.04336,0.04418,2913850.0
2026-03-05 05:45:00+00:00,0.04418,0.04429,0.04365,0.04407,533774.0
2026-03-05 06:00:00+00:00,0.04407,0.04408,0.04322,0.04352,1318957.0
2026-03-05 06:15:00+00:00,0.04352,0.0436,0.04265,0.04305,1759529.0
2026-03-05 06:30:00+00:00,0.04305,0.0438,0.04296,0.04362,1175111.0
2026-03-05 06:45:00+00:00,0.04362,0.04414,0.04323,0.04327,961739.0
2026-03-05 07:00:00+00:00,0.04327,0.0441,0.04326,0.04401,752372.0
2026-03-05 07:15:00+00:00,0.04401,0.04414,0.04333,0.04333,1094299.0
2026-03-05 07:30:00+00:00,0.04333,0.04341,0.04255,0.04336,2590358.0
2026-03-05 07:45:00+00:00,0.04336,0.04336,0.04257,0.0432,751537.0
2026-03-05 08:00:00+00:00,0.0432,0.0432,0.04216,0.04276,1901131.0
2026-03-05 08:15:00+00:00,0.04276,0.04308,0.04228,0.04306,1040257.0
2026-03-05 08:30:00+00:00,0.04306,0.04307,0.04247,0.04307,1007316.0
2026-03-05 08:45:00+00:00,0.04307,0.04369,0.04297,0.04339,927280.0
2026-03-05 09:00:00+00:00,0.04339,0.04362,0.04299,0.04313,1076815.0
2026-03-05 09:15:00+00:00,0.04313,0.0446,0.04307,0.04436,1285704.0
2026-03-05 09:30:00+00:00,0.04436,0.04496,0.0442,0.04441,1971998.0
2026-03-05 09:45:00+00:00,0.04441,0.04476,0.04352,0.04363,856535.0
2026-03-05 10:00:00+00:00,0.04363,0.04388,0.04269,0.04311,3417476.0
2026-03-05 10:15:00+00:00,0.04311,0.04388,0.04308,0.04335,2163719.0
2026-03-05 10:30:00+00:00,0.04335,0.04362,0.04264,0.04292,1266892.0
2026-03-05 10:45:00+00:00,0.04292,0.04307,0.04259,0.043,2253511.0
2026-03-05 11:00:00+00:00,0.043,0.04338,0.04276,0.04284,826569.0
2026-03-05 11:15:00+00:00,0.04284,0.04302,0.04253,0.0427,1545181.0
2026-03-05 11:30:00+00:00,0.0427,0.04347,0.0427,0.04328,1311028.0
2026-03-05 11:45:00+00:00,0.04328,0.04351,0.04275,0.04289,1747229.0
2026-03-05 12:00:00+00:00,0.04289,0.04398,0.04281,0.04381,2039804.0
2026-03-05 12:15:00+00:00,0.04381,0.0442,0.04336,0.04417,1387845.0
2026-03-05 12:30:00+00:00,0.04417,0.04421,0.0432,0.04337,845365.0
2026-03-05 12:45:00+00:00,0.04337,0.04347,0.04277,0.04302,1482080.0
2026-03-05 13:00:00+00:00,0.04302,0.04318,0.04007,0.04126,7161814.0
2026-03-05 13:15:00+00:00,0.04126,0.04156,0.04038,0.0407,3672118.0
2026-03-05 13:30:00+00:00,0.0407,0.04154,0.04062,0.0413,1432468.0
2026-03-05 13:45:00+00:00,0.0413,0.04147,0.04034,0.04063,1351132.0
2026-03-05 14:00:00+00:00,0.04063,0.04124,0.04059,0.04124,2780018.0
2026-03-05 14:15:00+00:00,0.04124,0.04149,0.0409,0.04101,549301.0
2026-03-05 14:30:00+00:00,0.04101,0.0414,0.04096,0.04134,1386552.0
2026-03-05 14:45:00+00:00,0.04134,0.04176,0.04104,0.04167,2064863.0
2026-03-05 15:00:00+00:00,0.04167,0.04178,0.04112,0.04148,1243402.0
2026-03-05 15:15:00+00:00,0.04148,0.04155,0.04046,0.04092,2009071.0
2026-03-05 15:30:00+00:00,0.04092,0.04152,0.04073,0.04122,1134922.0
2026-03-05 15:45:00+00:00,0.04122,0.04155,0.04098,0.04149,1055969.0
2026-03-05 16:00:00+00:00,0.04149,0.04312,0.04126,0.04277,4905543.0
2026-03-05 16:15:00+00:00,0.04277,0.04286,0.04183,0.04267,1425048.0
2026-03-05 16:30:00+00:00,0.04267,0.04297,0.04196,0.04224,1108107.0
2026-03-05 16:45:00+00:00,0.04224,0.04229,0.04126,0.0413,1022371.0
2026-03-05 17:00:00+00:00,0.0413,0.04173,0.04082,0.04099,2430135.0
2026-03-05 17:15:00+00:00,0.04099,0.04148,0.04085,0.0412,1177886.0
2026-03-05 17:30:00+00:00,0.0412,0.04126,0.04069,0.04112,960192.0
2026-03-05 17:45:00+00:00,0.04112,0.04189,0.04105,0.04142,1126157.0
2026-03-05 18:00:00+00:00,0.04142,0.04147,0.04107,0.04123,537738.0
2026-03-05 18:15:00+00:00,0.04123,0.04123,0.041,0.04114,131226.0
2026-03-05 18:30:00+00:00,0.04114,0.04137,0.04081,0.04085,562747.0
2026-03-05 18:45:00+00:00,0.04085,0.0414,0.04066,0.04139,960993.0
2026-03-05 19:00:00+00:00,0.04139,0.04168,0.04125,0.04161,275856.0
2026-03-05 19:15:00+00:00,0.04161,0.04161,0.041,0.04114,744067.0
2026-03-05 19:30:00+00:00,0.04114,0.04149,0.04103,0.04129,231036.0
2026-03-05 19:45:00+00:00,0.04129,0.04132,0.04101,0.04113,383436.0
2026-03-05 20:00:00+00:00,0.04113,0.0413,0.04085,0.0413,234285.0
2026-03-05 20:15:00+00:00,0.0413,0.04139,0.04091,0.04092,118750.0
2026-03-05 20:30:00+00:00,0.04092,0.0413,0.04089,0.04117,350171.0
2026-03-05 20:45:00+00:00,0.04117,0.04134,0.04072,0.04104,1442509.0
2026-03-05 21:00:00+00:00,0.04104,0.04149,0.04102,0.04135,639619.0
2026-03-05 21:15:00+00:00,0.04135,0.04143,0.04069,0.04094,488164.0
2026-03-05 21:30:00+00:00,0.04094,0.04135,0.04035,0.04135,1496686.0
2026-03-05 22:00:00+00:00,0.03952,0.04003,0.03951,0.0397,2480924.0
2026-03-05 22:15:00+00:00,0.0397,0.03998,0.03934,0.03991,1084260.0
2026-03-05 22:30:00+00:00,0.03991,0.04028,0.03955,0.03959,1462515.0
2026-03-05 22:45:00+00:00,0.03959,0.0397,0.03946,0.03951,910689.0
2026-03-05 23:00:00+00:00,0.03951,0.03952,0.03887,0.03895,4231563.0
2026-03-05 23:15:00+00:00,0.03895,0.03932,0.03885,0.03926,1376611.0
2026-03-05 23:30:00+00:00,0.03926,0.0394,0.03901,0.03919,798657.0
2026-03-05 23:45:00+00:00,0.03919,0.04074,0.03911,0.04038,5631519.0
2026-03-06 00:00:00+00:00,0.04038,0.04039,0.03973,0.03991,955581.0
2026-03-06 00:15:00+00:00,0.03991,0.03998,0.03959,0.03996,647227.0
2026-03-06 00:30:00+00:00,0.03996,0.04041,0.03993,0.04037,413504.0
2026-03-06 00:45:00+00:00,0.04037,0.04061,0.04011,0.04035,1191027.0
2026-03-06 01:00:00+00:00,0.04035,0.04037,0.03998,0.04002,849013.0
2026-03-06 01:15:00+00:00,0.04002,0.04027,0.03971,0.03993,1985708.0
2026-03-06 01:30:00+00:00,0.03993,0.04107,0.03992,0.04094,1287702.0
2026-03-06 01:45:00+00:00,0.04094,0.04163,0.04082,0.04127,1600065.0
2026-03-06 02:00:00+00:00,0.04127,0.04129,0.04059,0.04096,1372965.0
2026-03-06 02:15:00+00:00,0.04096,0.04117,0.04071,0.04114,1454341.0
2026-03-06 02:30:00+00:00,0.04114,0.04149,0.04107,0.0411,489232.0
2026-03-06 02:45:00+00:00,0.0411,0.04127,0.04097,0.04102,617385.0
2026-03-06 03:00:00+00:00,0.04102,0.04102,0.04076,0.04088,533106.0
2026-03-06 03:15:00+00:00,0.04088,0.04138,0.04058,0.04088,1194364.0
2026-03-06 03:30:00+00:00,0.04088,0.04095,0.04074,0.04076,676446.0
2026-03-06 03:45:00+00:00,0.04076,0.04078,0.04035,0.04058,1447544.0
2026-03-06 04:00:00+00:00,0.04058,0.0407,0.04039,0.04045,288777.0
2026-03-06 04:15:00+00:00,0.04045,0.04105,0.0404,0.04058,1026410.0
2026-03-06 04:30:00+00:00,0.04058,0.04058,0.0402,0.04049,1038098.0
2026-03-06 04:45:00+00:00,0.04049,0.04088,0.04043,0.04058,432295.0
2026-03-06 05:00:00+00:00,0.04058,0.04067,0.03989,0.04012,1017119.0
2026-03-06 05:15:00+00:00,0.04012,0.04036,0.03966,0.03977,1353033.0
2026-03-06 05:30:00+00:00,0.03977,0.03977,0.03917,0.03947,2250397.0
2026-03-06 05:45:00+00:00,0.03947,0.03976,0.03931,0.03973,816506.0
2026-03-06 06:00:00+00:00,0.03973,0.03983,0.03952,0.03978,899477.0
2026-03-06 06:15:00+00:00,0.03978,0.03997,0.03942,0.03954,587330.0
2026-03-06 06:30:00+00:00,0.03954,0.03979,0.03942,0.03946,893906.0
2026-03-06 06:45:00+00:00,0.03946,0.03953,0.03918,0.03934,364757.0
2026-03-06 07:00:00+00:00,0.03934,0.03951,0.0388,0.03885,1890510.0
2026-03-06 07:15:00+00:00,0.03885,0.03902,0.03866,0.03896,1890426.0
2026-03-06 07:30:00+00:00,0.03896,0.03915,0.03875,0.03902,738639.0
2026-03-06 07:45:00+00:00,0.03902,0.0391,0.03889,0.03902,664835.0
2026-03-06 08:00:00+00:00,0.03902,0.03902,0.03858,0.03864,999374.0
2026-03-06 08:15:00+00:00,0.03864,0.03984,0.03847,0.03913,12152696.0
2026-03-06 08:30:00+00:00,0.03913,0.03914,0.03851,0.03879,1841758.0
2026-03-06 08:45:00+00:00,0.03879,0.03915,0.03868,0.03878,1171790.0
2026-03-06 09:00:00+00:00,0.03878,0.03886,0.03846,0.03852,1101663.0
2026-03-06 09:15:00+00:00,0.03852,0.03862,0.03753,0.038,6771474.0
2026-03-06 09:30:00+00:00,0.038,0.03822,0.0378,0.03815,974068.0
2026-03-06 09:45:00+00:00,0.03815,0.03876,0.03814,0.03875,1232405.0
2026-03-06 10:00:00+00:00,0.03875,0.03974,0.03849,0.03956,1564285.0
2026-03-06 10:15:00+00:00,0.03956,0.03991,0.03944,0.03953,1022596.0
2026-03-06 10:30:00+00:00,0.03953,0.04091,0.03951,0.04075,3896190.0
2026-03-06 10:45:00+00:00,0.04075,0.04111,0.04035,0.04074,2139718.0
2026-03-06 11:00:00+00:00,0.04074,0.04074,0.04027,0.04039,2161828.0
2026-03-06 11:15:00+00:00,0.04039,0.04039,0.03983,0.04,1172022.0
2026-03-06 11:30:00+00:00,0.04,0.04,0.03972,0.03981,969123.0
2026-03-06 11:45:00+00:00,0.03981,0.04063,0.03963,0.04011,2857770.0
2026-03-06 12:00:00+00:00,0.04011,0.04021,0.03931,0.03939,1892453.0
2026-03-06 12:15:00+00:00,0.03939,0.03959,0.0391,0.03919,2665281.0
2026-03-06 12:30:00+00:00,0.03919,0.03923,0.03894,0.0392,2103300.0
2026-03-06 12:45:00+00:00,0.0392,0.03925,0.03873,0.0391,2553159.0
2026-03-06 13:00:00+00:00,0.0391,0.03929,0.03901,0.03912,1117485.0
2026-03-06 13:15:00+00:00,0.03912,0.03947,0.03866,0.03935,1054066.0
2026-03-06 13:30:00+00:00,0.03935,0.04046,0.03911,0.04035,2438455.0
2026-03-06 13:45:00+00:00,0.04035,0.04035,0.03947,0.03955,2125706.0
2026-03-06 14:00:00+00:00,0.03955,0.03995,0.0393,0.03934,1517563.0
2026-03-06 14:15:00+00:00,0.03934,0.03957,0.03904,0.03923,973339.0
2026-03-06 14:30:00+00:00,0.03923,0.03934,0.03849,0.0387,1620006.0
2026-03-06 14:45:00+00:00,0.0387,0.03935,0.03859,0.03874,1787100.0
2026-03-06 15:00:00+00:00,0.03874,0.03906,0.03862,0.03889,525686.0
2026-03-06 15:15:00+00:00,0.03889,0.0389,0.03834,0.03848,1430678.0
2026-03-06 15:30:00+00:00,0.03848,0.03883,0.03848,0.0386,676708.0
2026-03-06 15:45:00+00:00,0.0386,0.03935,0.03851,0.03883,3694548.0
2026-03-06 16:00:00+00:00,0.03883,0.03951,0.03883,0.03938,1815068.0
2026-03-06 16:15:00+00:00,0.03938,0.03943,0.03868,0.0387,690456.0
2026-03-06 16:30:00+00:00,0.0387,0.03875,0.03842,0.03848,507256.0
2026-03-06 16:45:00+00:00,0.03848,0.03876,0.03808,0.03827,1895343.0
2026-03-06 17:00:00+00:00,0.03827,0.03851,0.03807,0.03821,483899.0
2026-03-06 17:15:00+00:00,0.03821,0.03843,0.03812,0.03838,203241.0
2026-03-06 17:30:00+00:00,0.03838,0.03848,0.03805,0.03821,713014.0
2026-03-06 17:45:00+00:00,0.03821,0.0384,0.03821,0.0383,239098.0
2026-03-06 18:00:00+00:00,0.0383,0.03854,0.03828,0.03837,355847.0
2026-03-06 18:15:00+00:00,0.03837,0.0385,0.03826,0.03829,469801.0
2026-03-06 18:30:00+00:00,0.03829,0.0384,0.0378,0.03801,3067140.0
2026-03-06 18:45:00+00:00,0.03801,0.0384,0.03794,0.03836,920229.0
2026-03-06 19:00:00+00:00,0.03836,0.0386,0.0383,0.0386,785839.0
2026-03-06 19:15:00+00:00,0.0386,0.03887,0.03846,0.03865,494177.0
2026-03-06 19:30:00+00:00,0.03865,0.03865,0.03823,0.03837,545922.0
2026-03-06 19:45:00+00:00,0.03837,0.03866,0.03836,0.03866,249831.0
2026-03-06 20:00:00+00:00,0.03866,0.0387,0.03823,0.0383,244473.0
2026-03-06 20:15:00+00:00,0.0383,0.0384,0.03776,0.03792,976971.0
2026-03-06 20:30:00+00:00,0.03792,0.03796,0.03776,0.03795,219403.0
2026-03-06 20:45:00+00:00,0.03795,0.03808,0.03787,0.03796,736834.0
2026-03-06 21:00:00+00:00,0.03796,0.03805,0.03766,0.03786,408653.0
2026-03-06 21:15:00+00:00,0.03786,0.03803,0.0378,0.03793,816248.0
2026-03-06 21:30:00+00:00,0.03793,0.0382,0.03793,0.0381,472304.0
2026-03-06 21:45:00+00:00,0.0381,0.03852,0.0381,0.03852,274749.0
2026-03-06 22:00:00+00:00,0.03852,0.03853,0.0381,0.03838,473250.0
2026-03-06 22:15:00+00:00,0.03838,0.03856,0.03827,0.03827,364203.0
2026-03-06 22:30:00+00:00,0.03827,0.03828,0.03789,0.03791,221837.0
2026-03-06 22:45:00+00:00,0.03791,0.03793,0.03773,0.03786,823086.0
2026-03-06 23:00:00+00:00,0.03786,0.0379,0.03763,0.03772,746368.0
2026-03-06 23:15:00+00:00,0.03772,0.03789,0.03715,0.03743,2147809.0
2026-03-06 23:30:00+00:00,0.03743,0.03798,0.0374,0.03794,655663.0
2026-03-06 23:45:00+00:00,0.03794,0.04011,0.03794,0.04008,3821502.0
2026-03-07 00:00:00+00:00,0.04008,0.0401,0.03864,0.03899,2461595.0
2026-03-07 00:15:00+00:00,0.03899,0.03953,0.03881,0.03909,929569.0
2026-03-07 00:30:00+00:00,0.03909,0.03997,0.03901,0.03994,1846738.0
2026-03-07 00:45:00+00:00,0.03994,0.03994,0.03887,0.03906,1589065.0
2026-03-07 01:00:00+00:00,0.03906,0.03943,0.03878,0.03904,984348.0
2026-03-07 01:15:00+00:00,0.03904,0.03923,0.03875,0.0388,823545.0
2026-03-07 01:30:00+00:00,0.0388,0.03907,0.03846,0.03853,1209150.0
2026-03-07 01:45:00+00:00,0.03853,0.03855,0.03792,0.038,899763.0
2026-03-07 02:00:00+00:00,0.038,0.03838,0.03795,0.03832,1170906.0
2026-03-07 02:15:00+00:00,0.03832,0.03842,0.03808,0.03816,526177.0
2026-03-07 02:30:00+00:00,0.03816,0.03853,0.03816,0.03835,470945.0
2026-03-07 02:45:00+00:00,0.03835,0.03861,0.03814,0.03814,166433.0
2026-03-07 03:00:00+00:00,0.03814,0.03853,0.03805,0.03836,910400.0
2026-03-07 03:15:00+00:00,0.03836,0.03837,0.03798,0.03811,265522.0
2026-03-07 03:30:00+00:00,0.03811,0.03826,0.03808,0.0381,230336.0
2026-03-07 03:45:00+00:00,0.0381,0.03861,0.03804,0.03861,340237.0
2026-03-07 04:00:00+00:00,0.03861,0.03861,0.03818,0.03838,341968.0
2026-03-07 04:15:00+00:00,0.03838,0.03874,0.03835,0.03854,1312329.0
2026-03-07 04:30:00+00:00,0.03854,0.0388,0.03844,0.03858,440956.0
2026-03-07 04:45:00+00:00,0.03858,0.0391,0.0385,0.0391,617631.0
2026-03-07 05:00:00+00:00,0.0391,0.03955,0.03869,0.03955,1966596.0
2026-03-07 05:15:00+00:00,0.03955,0.0398,0.03909,0.0391,1760811.0
2026-03-07 05:30:00+00:00,0.0391,0.03937,0.03894,0.03931,1020902.0
2026-03-07 05:45:00+00:00,0.03931,0.03931,0.0389,0.03895,590916.0
2026-03-07 06:00:00+00:00,0.03895,0.03918,0.03894,0.0391,327047.0
2026-03-07 06:15:00+00:00,0.0391,0.03912,0.03867,0.03867,573129.0
2026-03-07 06:30:00+00:00,0.03867,0.03908,0.03866,0.03903,352968.0
2026-03-07 06:45:00+00:00,0.03903,0.03968,0.03876,0.03968,2674307.0
2026-03-07 07:00:00+00:00,0.03968,0.04139,0.03966,0.04092,4645262.0
2026-03-07 07:15:00+00:00,0.04092,0.04268,0.04086,0.04227,5218118.0
2026-03-07 07:30:00+00:00,0.04227,0.04296,0.04148,0.04194,3674749.0
2026-03-07 07:45:00+00:00,0.04194,0.04374,0.04142,0.0436,4854795.0
2026-03-07 08:00:00+00:00,0.0436,0.04523,0.04197,0.04246,12098951.0
2026-03-07 08:15:00+00:00,0.04246,0.04246,0.04154,0.0423,2544944.0
2026-03-07 08:30:00+00:00,0.0423,0.04259,0.04168,0.04252,1299490.0
2026-03-07 08:45:00+00:00,0.04252,0.04304,0.04193,0.04279,1907872.0
2026-03-07 09:00:00+00:00,0.04279,0.04279,0.04205,0.04227,1277848.0
2026-03-07 09:15:00+00:00,0.04227,0.04314,0.04189,0.04266,1410686.0
2026-03-07 09:30:00+00:00,0.04266,0.04298,0.04233,0.04246,1324455.0
2026-03-07 09:45:00+00:00,0.04246,0.04271,0.04235,0.04243,897646.0
2026-03-07 10:00:00+00:00,0.04243,0.04286,0.04204,0.04284,1712026.0
2026-03-07 10:15:00+00:00,0.04284,0.04312,0.04232,0.04266,1196876.0
2026-03-07 10:30:00+00:00,0.04266,0.0431,0.04251,0.04253,1349243.0
2026-03-07 10:45:00+00:00,0.04253,0.04286,0.04252,0.04267,1019516.0
2026-03-07 11:00:00+00:00,0.04267,0.04272,0.04101,0.04122,5696285.0
2026-03-07 11:15:00+00:00,0.04122,0.04126,0.04008,0.04039,4060133.0
2026-03-07 11:30:00+00:00,0.04039,0.04131,0.04039,0.04131,1203119.0
2026-03-07 11:45:00+00:00,0.04131,0.04135,0.04079,0.04094,880906.0
2026-03-07 12:00:00+00:00,0.04094,0.04098,0.04057,0.04078,887771.0
2026-03-07 12:15:00+00:00,0.04078,0.04098,0.04048,0.04062,759284.0
2026-03-07 12:30:00+00:00,0.04062,0.04095,0.04051,0.04081,1196949.0
2026-03-07 12:45:00+00:00,0.04081,0.04125,0.04081,0.04125,586599.0
2026-03-07 13:00:00+00:00,0.04125,0.04181,0.04081,0.04168,1229727.0
2026-03-07 13:15:00+00:00,0.04168,0.04172,0.04114,0.04114,549748.0
2026-03-07 13:30:00+00:00,0.04114,0.04144,0.04061,0.0411,995286.0
2026-03-07 13:45:00+00:00,0.0411,0.04175,0.04089,0.04171,877986.0
2026-03-07 14:00:00+00:00,0.04171,0.04173,0.0413,0.04166,932241.0
2026-03-07 14:15:00+00:00,0.04166,0.04217,0.04154,0.04217,1743340.0
2026-03-07 14:30:00+00:00,0.04217,0.0429,0.04204,0.04276,1798024.0
2026-03-07 14:45:00+00:00,0.04276,0.04285,0.04194,0.04222,2374883.0
2026-03-07 15:00:00+00:00,0.04222,0.0426,0.0418,0.04208,1014163.0
2026-03-07 15:15:00+00:00,0.04208,0.04254,0.04208,0.0423,945012.0
2026-03-07 15:30:00+00:00,0.0423,0.04275,0.04221,0.04243,1406220.0
2026-03-07 15:45:00+00:00,0.04243,0.04297,0.04242,0.04277,766315.0
2026-03-07 16:00:00+00:00,0.04277,0.0431,0.04234,0.04254,2067466.0
2026-03-07 16:15:00+00:00,0.04254,0.04258,0.04163,0.0418,1686930.0
2026-03-07 16:30:00+00:00,0.0418,0.04196,0.04142,0.04153,900320.0
2026-03-07 16:45:00+00:00,0.04153,0.04186,0.04145,0.04161,632150.0
2026-03-07 17:00:00+00:00,0.04161,0.04174,0.04109,0.04118,2604539.0
2026-03-07 17:15:00+00:00,0.04118,0.04131,0.04076,0.041,1774952.0
2026-03-07 17:30:00+00:00,0.041,0.04122,0.041,0.04116,1087069.0
2026-03-07 17:45:00+00:00,0.04116,0.04125,0.04059,0.04067,919372.0
2026-03-07 18:00:00+00:00,0.04067,0.04098,0.04066,0.04071,677046.0
2026-03-07 18:15:00+00:00,0.04071,0.04094,0.04057,0.04089,463714.0
2026-03-07 18:30:00+00:00,0.04089,0.04131,0.04089,0.04122,1943536.0
2026-03-07 18:45:00+00:00,0.04122,0.04156,0.04108,0.04126,340555.0
2026-03-07 19:00:00+00:00,0.04126,0.04149,0.04107,0.04112,648976.0
2026-03-07 19:15:00+00:00,0.04112,0.04122,0.0408,0.04085,639308.0
2026-03-07 19:30:00+00:00,0.04085,0.041,0.04081,0.04087,234754.0
2026-03-07 19:45:00+00:00,0.04087,0.04087,0.04029,0.04039,1445492.0
2026-03-07 20:00:00+00:00,0.04039,0.04084,0.04032,0.04072,844631.0
2026-03-07 20:15:00+00:00,0.04072,0.04099,0.04072,0.04082,1019459.0
2026-03-07 20:30:00+00:00,0.04082,0.04102,0.04063,0.04069,461800.0
2026-03-07 20:45:00+00:00,0.04069,0.04071,0.04058,0.04058,1100867.0
2026-03-07 21:00:00+00:00,0.04058,0.0407,0.04037,0.04066,919975.0
2026-03-07 21:15:00+00:00,0.04066,0.04085,0.04052,0.04085,1332667.0
2026-03-07 21:30:00+00:00,0.04085,0.04087,0.04048,0.04083,444098.0
2026-03-07 21:45:00+00:00,0.04083,0.04102,0.0407,0.04073,424581.0
2026-03-07 22:00:00+00:00,0.04073,0.04086,0.04037,0.04037,737242.0
2026-03-07 22:15:00+00:00,0.04037,0.04037,0.03853,0.03944,6808263.0
2026-03-07 22:30:00+00:00,0.03944,0.03954,0.03912,0.03921,561300.0
2026-03-07 22:45:00+00:00,0.03921,0.03923,0.03907,0.03917,458299.0
2026-03-07 23:00:00+00:00,0.03917,0.03921,0.03878,0.0388,2261087.0
2026-03-07 23:15:00+00:00,0.0388,0.03938,0.0388,0.0393,854316.0
2026-03-07 23:30:00+00:00,0.0393,0.03941,0.03926,0.03937,117189.0
2026-03-07 23:45:00+00:00,0.03937,0.03993,0.03937,0.03991,1727505.0
2026-03-08 00:15:00+00:00,0.03977,0.04059,0.03977,0.04048,2391155.0
2026-03-08 00:30:00+00:00,0.04048,0.04048,0.0397,0.0398,1464080.0
2026-03-08 00:45:00+00:00,0.0398,0.03994,0.03964,0.03982,1041731.0
2026-03-08 01:00:00+00:00,0.03982,0.03982,0.03932,0.03936,780630.0
2026-03-08 01:15:00+00:00,0.03936,0.03961,0.03934,0.03958,235080.0
2026-03-08 01:30:00+00:00,0.03958,0.03958,0.03917,0.03935,907981.0
2026-03-08 01:45:00+00:00,0.03935,0.03935,0.03907,0.03925,1634800.0
2026-03-08 02:00:00+00:00,0.03925,0.03954,0.03925,0.03948,1100639.0
2026-03-08 02:15:00+00:00,0.03948,0.03968,0.03948,0.03951,636598.0
2026-03-08 02:30:00+00:00,0.03951,0.0398,0.03944,0.03952,520149.0
2026-03-08 02:45:00+00:00,0.03952,0.03953,0.03847,0.03857,3001913.0
2026-03-08 03:00:00+00:00,0.03857,0.03878,0.03833,0.03863,2297654.0
2026-03-08 03:15:00+00:00,0.03863,0.039,0.03841,0.03879,1378980.0
2026-03-08 03:30:00+00:00,0.03879,0.03901,0.03868,0.03894,1388576.0
2026-03-08 03:45:00+00:00,0.03894,0.0391,0.03888,0.03907,527539.0
2026-03-08 04:00:00+00:00,0.03907,0.03923,0.03896,0.03923,817775.0
2026-03-08 04:15:00+00:00,0.03923,0.0394,0.03914,0.03922,753701.0
2026-03-08 04:30:00+00:00,0.03922,0.03925,0.03885,0.03895,1469094.0
2026-03-08 04:45:00+00:00,0.03895,0.03905,0.0387,0.03877,474799.0
2026-03-08 05:00:00+00:00,0.03877,0.0391,0.03871,0.039,382246.0
2026-03-08 05:15:00+00:00,0.039,0.0392,0.03899,0.03902,891254.0
2026-03-08 05:30:00+00:00,0.03902,0.03917,0.03886,0.03912,572743.0
2026-03-08 05:45:00+00:00,0.03912,0.0394,0.03911,0.03933,892389.0
2026-03-08 06:00:00+00:00,0.03933,0.03973,0.03918,0.03926,1394283.0
2026-03-08 06:15:00+00:00,0.03926,0.03942,0.03917,0.0393,269048.0
2026-03-08 06:30:00+00:00,0.0393,0.03944,0.03922,0.03943,1142420.0
2026-03-08 06:45:00+00:00,0.03943,0.03955,0.03929,0.03929,181039.0
2026-03-08 07:00:00+00:00,0.03929,0.03986,0.03926,0.03969,1687913.0
2026-03-08 07:15:00+00:00,0.03969,0.0399,0.03962,0.03988,364224.0
2026-03-08 07:30:00+00:00,0.03988,0.04017,0.03948,0.03995,1236111.0
2026-03-08 07:45:00+00:00,0.03995,0.04039,0.03991,0.04019,1572981.0
2026-03-08 08:00:00+00:00,0.04019,0.04054,0.0398,0.03982,2189420.0
2026-03-08 08:15:00+00:00,0.03982,0.03982,0.03949,0.03952,873004.0
2026-03-08 08:30:00+00:00,0.03952,0.03972,0.03925,0.03941,1420030.0
2026-03-08 08:45:00+00:00,0.03941,0.03955,0.03928,0.03949,514731.0
2026-03-08 09:00:00+00:00,0.03949,0.03965,0.03936,0.03957,872484.0
2026-03-08 09:15:00+00:00,0.03957,0.0398,0.03953,0.03969,546960.0
2026-03-08 09:30:00+00:00,0.03969,0.03969,0.03952,0.03962,1999324.0
2026-03-08 09:45:00+00:00,0.03962,0.03962,0.03897,0.03919,2411243.0
2026-03-08 10:00:00+00:00,0.03919,0.03925,0.03896,0.03898,957518.0
2026-03-08 10:15:00+00:00,0.03898,0.03931,0.03883,0.03931,1443830.0
2026-03-08 10:30:00+00:00,0.03931,0.03947,0.03914,0.03932,812930.0
2026-03-08 10:45:00+00:00,0.03932,0.03932,0.03893,0.039,726381.0
2026-03-08 11:00:00+00:00,0.039,0.03922,0.03898,0.03913,608123.0
2026-03-08 11:15:00+00:00,0.03913,0.03943,0.03913,0.03916,468011.0
2026-03-08 11:30:00+00:00,0.03916,0.03922,0.03906,0.03906,287346.0
2026-03-08 11:45:00+00:00,0.03906,0.03953,0.03906,0.03945,354313.0
2026-03-08 12:00:00+00:00,0.03945,0.03976,0.03926,0.03971,984782.0
2026-03-08 12:15:00+00:00,0.03971,0.04008,0.03957,0.03983,649714.0
2026-03-08 12:30:00+00:00,0.03983,0.04013,0.03972,0.03978,476874.0
2026-03-08 12:45:00+00:00,0.03978,0.03978,0.0394,0.03962,971576.0
2026-03-08 13:00:00+00:00,0.03962,0.03972,0.03921,0.03943,1449888.0
2026-03-08 13:15:00+00:00,0.03943,0.03986,0.03923,0.03974,676321.0
2026-03-08 13:30:00+00:00,0.03974,0.03994,0.03949,0.03975,483206.0
2026-03-08 13:45:00+00:00,0.03975,0.04012,0.03968,0.03993,625338.0
2026-03-08 14:00:00+00:00,0.03993,0.04007,0.03985,0.04007,255409.0
2026-03-08 14:15:00+00:00,0.04007,0.04015,0.03983,0.03983,366327.0
2026-03-08 14:30:00+00:00,0.03983,0.04016,0.03966,0.03981,584040.0
2026-03-08 14:45:00+00:00,0.03981,0.03997,0.03963,0.03986,709118.0
2026-03-08 15:00:00+00:00,0.03986,0.0402,0.03985,0.04004,376540.0
2026-03-08 15:15:00+00:00,0.04004,0.04034,0.0398,0.04014,922336.0
2026-03-08 15:30:00+00:00,0.04014,0.04023,0.03988,0.0399,454474.0
2026-03-08 15:45:00+00:00,0.0399,0.03994,0.03972,0.03994,285151.0
2026-03-08 16:00:00+00:00,0.03994,0.03999,0.03972,0.03972,1740947.0
2026-03-08 16:15:00+00:00,0.03972,0.03977,0.03948,0.03948,320371.0
2026-03-08 16:30:00+00:00,0.03948,0.0396,0.03926,0.03956,1532212.0
2026-03-08 16:45:00+00:00,0.03956,0.03956,0.0391,0.03915,592036.0
2026-03-08 17:00:00+00:00,0.03915,0.03946,0.03915,0.03924,147379.0
2026-03-08 17:15:00+00:00,0.03924,0.03941,0.03924,0.03925,169988.0
2026-03-08 17:30:00+00:00,0.03925,0.03933,0.0391,0.03933,74697.0
2026-03-08 17:45:00+00:00,0.03933,0.03933,0.0391,0.03915,131508.0
2026-03-08 18:00:00+00:00,0.03915,0.03961,0.03915,0.03961,58746.0
2026-03-08 18:15:00+00:00,0.03961,0.03985,0.03946,0.03958,1109780.0
2026-03-08 18:30:00+00:00,0.03958,0.03971,0.03937,0.03947,739166.0
2026-03-08 18:45:00+00:00,0.03947,0.03966,0.03947,0.03957,106819.0
2026-03-08 19:00:00+00:00,0.03957,0.04004,0.03956,0.03998,377700.0
2026-03-08 19:15:00+00:00,0.03998,0.04055,0.03988,0.0404,1501027.0
2026-03-08 19:30:00+00:00,0.0404,0.04052,0.0401,0.0401,1053196.0
2026-03-08 19:45:00+00:00,0.0401,0.04016,0.0399,0.04002,446548.0
2026-03-08 20:00:00+00:00,0.04002,0.04008,0.03977,0.03978,453300.0
2026-03-08 20:15:00+00:00,0.03978,0.03993,0.03975,0.03983,90495.0
2026-03-08 20:30:00+00:00,0.03983,0.04,0.03977,0.03993,759957.0
2026-03-08 20:45:00+00:00,0.03993,0.03996,0.03971,0.03971,302230.0
2026-03-08 21:00:00+00:00,0.03971,0.03976,0.03942,0.03946,805924.0
2026-03-08 21:15:00+00:00,0.03946,0.03971,0.03946,0.03969,34352.0
2026-03-08 21:30:00+00:00,0.03969,0.03999,0.03969,0.03999,168599.0
2026-03-08 21:45:00+00:00,0.03999,0.04043,0.03995,0.0404,292347.0
2026-03-08 22:00:00+00:00,0.0404,0.0404,0.03941,0.04026,1323627.0
2026-03-08 22:15:00+00:00,0.04026,0.04073,0.03988,0.04053,1341612.0
2026-03-08 22:30:00+00:00,0.04053,0.0408,0.04036,0.04067,733075.0
2026-03-08 22:45:00+00:00,0.04067,0.0413,0.04067,0.0412,916770.0
2026-03-08 23:00:00+00:00,0.0412,0.04185,0.04102,0.04167,1854767.0
2026-03-08 23:15:00+00:00,0.04167,0.04235,0.04166,0.04224,1928063.0
2026-03-08 23:30:00+00:00,0.04224,0.04241,0.04116,0.04134,1635014.0
2026-03-08 23:45:00+00:00,0.04134,0.04189,0.0412,0.04179,1066293.0
2026-03-09 00:00:00+00:00,0.04179,0.04241,0.04154,0.04228,1907365.0
2026-03-09 00:15:00+00:00,0.04228,0.04281,0.04188,0.04273,2385735.0
2026-03-09 00:30:00+00:00,0.04273,0.04296,0.04196,0.042,1953819.0
2026-03-09 00:45:00+00:00,0.042,0.04221,0.04159,0.04164,1336686.0
2026-03-09 01:00:00+00:00,0.04164,0.04207,0.04108,0.04133,3283517.0
2026-03-09 01:15:00+00:00,0.04133,0.04145,0.04084,0.04117,1027408.0
2026-03-09 01:30:00+00:00,0.04117,0.04167,0.04109,0.04167,578855.0
2026-03-09 01:45:00+00:00,0.04167,0.04181,0.04113,0.0412,1474638.0
2026-03-09 02:00:00+00:00,0.0412,0.04174,0.041,0.04174,991690.0
2026-03-09 02:15:00+00:00,0.04174,0.04179,0.04133,0.0417,368394.0
2026-03-09 02:30:00+00:00,0.0417,0.04195,0.04147,0.04178,684822.0
2026-03-09 02:45:00+00:00,0.04178,0.04241,0.04177,0.04221,1456813.0
2026-03-09 03:00:00+00:00,0.04221,0.04265,0.04193,0.04215,1826704.0
2026-03-09 03:15:00+00:00,0.04215,0.04227,0.04137,0.04158,1339578.0
2026-03-09 03:30:00+00:00,0.04158,0.0417,0.0412,0.04138,1140726.0
2026-03-09 03:45:00+00:00,0.04138,0.04146,0.04114,0.04139,777667.0
2026-03-09 04:00:00+00:00,0.04139,0.04139,0.04099,0.04112,694636.0
2026-03-09 04:15:00+00:00,0.04112,0.04205,0.04111,0.04205,770390.0
2026-03-09 04:30:00+00:00,0.04205,0.04252,0.042,0.04239,1828332.0
2026-03-09 04:45:00+00:00,0.04239,0.04278,0.04218,0.04239,1162639.0
2026-03-09 05:00:00+00:00,0.04239,0.04261,0.04227,0.04227,337899.0
2026-03-09 05:15:00+00:00,0.04227,0.04326,0.04224,0.04283,2098170.0
2026-03-09 05:30:00+00:00,0.04283,0.04359,0.0427,0.04287,1633804.0
2026-03-09 05:45:00+00:00,0.04287,0.04311,0.04268,0.04304,1279576.0
2026-03-09 06:00:00+00:00,0.04304,0.04354,0.04302,0.04317,1091278.0
2026-03-09 06:15:00+00:00,0.04317,0.04325,0.04286,0.04286,579466.0
2026-03-09 06:30:00+00:00,0.04286,0.04311,0.04235,0.04258,2975715.0
2026-03-09 06:45:00+00:00,0.04258,0.04305,0.04248,0.04292,525782.0
2026-03-09 07:00:00+00:00,0.04292,0.0432,0.04245,0.04261,746143.0
2026-03-09 07:15:00+00:00,0.04261,0.04267,0.04221,0.04251,306568.0
2026-03-09 07:30:00+00:00,0.04251,0.04251,0.04204,0.04217,1563551.0
2026-03-09 07:45:00+00:00,0.04217,0.04224,0.0419,0.04219,1438887.0
2026-03-09 08:00:00+00:00,0.04219,0.04263,0.04216,0.04232,1587283.0
2026-03-09 08:15:00+00:00,0.04232,0.04306,0.04232,0.04274,1950308.0
2026-03-09 08:30:00+00:00,0.04274,0.04287,0.04213,0.04213,1749277.0
2026-03-09 08:45:00+00:00,0.04213,0.04215,0.04171,0.04188,1737054.0
2026-03-09 09:00:00+00:00,0.04188,0.04223,0.04178,0.04207,1255935.0
2026-03-09 09:15:00+00:00,0.04207,0.04235,0.04207,0.04216,305318.0
2026-03-09 09:30:00+00:00,0.04216,0.04255,0.04187,0.04194,1440435.0
2026-03-09 09:45:00+00:00,0.04194,0.04213,0.04157,0.04159,865192.0
2026-03-09 10:00:00+00:00,0.04159,0.04172,0.04129,0.04172,2020076.0
2026-03-09 10:15:00+00:00,0.04172,0.04196,0.04172,0.04186,546873.0
2026-03-09 10:30:00+00:00,0.04186,0.04214,0.0416,0.04165,1691401.0
2026-03-09 10:45:00+00:00,0.04165,0.04237,0.04158,0.04236,1091930.0
2026-03-09 11:00:00+00:00,0.04236,0.04255,0.0421,0.04226,1567934.0
2026-03-09 11:15:00+00:00,0.04226,0.04255,0.04212,0.04245,370431.0
2026-03-09 11:30:00+00:00,0.04245,0.04276,0.04225,0.04254,1741540.0
2026-03-09 11:45:00+00:00,0.04254,0.04297,0.04248,0.0429,1392183.0
2026-03-09 12:00:00+00:00,0.0429,0.04348,0.0429,0.04335,1918921.0
2026-03-09 12:15:00+00:00,0.04335,0.04353,0.04267,0.04284,1179512.0
2026-03-09 12:30:00+00:00,0.04284,0.04285,0.04238,0.04242,592693.0
2026-03-09 12:45:00+00:00,0.04242,0.04274,0.04242,0.04251,214526.0
2026-03-09 13:00:00+00:00,0.04251,0.04251,0.04187,0.04203,1319962.0
2026-03-09 13:15:00+00:00,0.04203,0.04203,0.04161,0.04183,777526.0
2026-03-09 13:30:00+00:00,0.04183,0.04189,0.04118,0.0415,2022344.0
2026-03-09 13:45:00+00:00,0.0415,0.04179,0.04118,0.04179,1766039.0
2026-03-09 14:00:00+00:00,0.04179,0.04212,0.04165,0.0417,639726.0
2026-03-09 14:15:00+00:00,0.0417,0.04226,0.04165,0.0418,858910.0
2026-03-09 14:30:00+00:00,0.0418,0.04201,0.0418,0.04196,418393.0
2026-03-09 14:45:00+00:00,0.04196,0.04222,0.04186,0.04215,455499.0
2026-03-09 15:00:00+00:00,0.04215,0.04215,0.04171,0.04185,531538.0
2026-03-09 15:15:00+00:00,0.04185,0.04194,0.04152,0.04152,441490.0
2026-03-09 15:30:00+00:00,0.04152,0.04185,0.04152,0.04182,544015.0
2026-03-09 15:45:00+00:00,0.04182,0.04228,0.04177,0.04201,801480.0
2026-03-09 16:00:00+00:00,0.04201,0.04252,0.04194,0.04252,607316.0
2026-03-09 16:15:00+00:00,0.04252,0.04301,0.04251,0.04285,944447.0
2026-03-09 16:30:00+00:00,0.04285,0.04325,0.04276,0.04309,515243.0
2026-03-09 16:45:00+00:00,0.04309,0.04309,0.04252,0.04263,383732.0
2026-03-09 17:00:00+00:00,0.04263,0.04287,0.04252,0.04272,305026.0
2026-03-09 17:15:00+00:00,0.04272,0.04277,0.04236,0.04253,651384.0
2026-03-09 17:30:00+00:00,0.04253,0.04293,0.04251,0.04262,964560.0
2026-03-09 17:45:00+00:00,0.04262,0.04364,0.04261,0.04353,1264207.0
2026-03-09 18:00:00+00:00,0.04353,0.044,0.04347,0.04365,1106166.0
2026-03-09 18:15:00+00:00,0.04365,0.04365,0.04324,0.04352,366153.0
2026-03-09 18:30:00+00:00,0.04352,0.04389,0.04345,0.04366,595693.0
2026-03-09 18:45:00+00:00,0.04366,0.04422,0.0434,0.04407,1307721.0
2026-03-09 19:00:00+00:00,0.04407,0.04469,0.04407,0.04429,1190859.0
2026-03-09 19:15:00+00:00,0.04429,0.04469,0.04389,0.0446,1367336.0
2026-03-09 19:30:00+00:00,0.0446,0.04527,0.04428,0.04489,3085918.0
2026-03-09 19:45:00+00:00,0.04489,0.0455,0.04472,0.04521,2467414.0
2026-03-09 20:00:00+00:00,0.04521,0.04548,0.04456,0.045,2791175.0
2026-03-09 20:15:00+00:00,0.045,0.045,0.04441,0.0447,1761621.0
2026-03-09 20:30:00+00:00,0.0447,0.04486,0.04439,0.04469,1462593.0
2026-03-09 20:45:00+00:00,0.04469,0.04469,0.04406,0.04427,1783965.0
2026-03-09 21:00:00+00:00,0.04427,0.04427,0.04381,0.04396,1431516.0
2026-03-09 21:15:00+00:00,0.04396,0.04396,0.04352,0.04365,808906.0
2026-03-09 21:30:00+00:00,0.04365,0.04389,0.04359,0.04359,702348.0
2026-03-09 21:45:00+00:00,0.04359,0.04406,0.04359,0.04368,1055858.0
2026-03-09 22:00:00+00:00,0.04368,0.045,0.04362,0.04496,4447707.0
2026-03-09 22:15:00+00:00,0.04496,0.04497,0.04447,0.04449,713339.0
2026-03-09 22:30:00+00:00,0.04449,0.04488,0.04441,0.04479,660012.0
2026-03-09 22:45:00+00:00,0.04479,0.04479,0.04414,0.04432,1956596.0
2026-03-09 23:00:00+00:00,0.04432,0.04432,0.04379,0.04386,1644590.0
2026-03-09 23:15:00+00:00,0.04386,0.04408,0.04378,0.04397,280397.0
2026-03-09 23:30:00+00:00,0.04397,0.04401,0.04363,0.0438,418582.0
2026-03-09 23:45:00+00:00,0.0438,0.0441,0.04369,0.04402,731094.0
2026-03-10 00:00:00+00:00,0.04402,0.04402,0.04283,0.04388,4417457.0
2026-03-10 00:15:00+00:00,0.04388,0.04452,0.04388,0.04445,666117.0
2026-03-10 00:30:00+00:00,0.04445,0.0451,0.04398,0.04485,2809784.0
2026-03-10 00:45:00+00:00,0.04485,0.04502,0.0444,0.04485,1882956.0
2026-03-10 01:00:00+00:00,0.04485,0.04548,0.04468,0.04523,1695086.0
2026-03-10 01:15:00+00:00,0.04523,0.04645,0.04514,0.04635,2439386.0
2026-03-10 01:30:00+00:00,0.04635,0.04716,0.04596,0.04629,5469047.0
2026-03-10 01:45:00+00:00,0.04629,0.0474,0.04629,0.04728,2729314.0
2026-03-10 02:00:00+00:00,0.04728,0.04813,0.04661,0.04693,4599488.0
2026-03-10 02:30:00+00:00,0.0473,0.04894,0.0473,0.04876,2987072.0
2026-03-10 02:45:00+00:00,0.04876,0.04992,0.04818,0.04918,4893928.0
2026-03-10 03:00:00+00:00,0.04918,0.04927,0.04855,0.04897,1376290.0
2026-03-10 03:15:00+00:00,0.04897,0.04915,0.04671,0.04706,5258548.0
2026-03-10 03:30:00+00:00,0.04706,0.04733,0.0465,0.04689,1527460.0
2026-03-10 03:45:00+00:00,0.04689,0.04712,0.04634,0.04645,2009992.0
2026-03-10 04:00:00+00:00,0.04645,0.04672,0.04556,0.04609,2864765.0
2026-03-10 04:15:00+00:00,0.04609,0.04668,0.04589,0.04626,1493561.0
2026-03-10 04:30:00+00:00,0.04626,0.04657,0.04596,0.04612,1188753.0
2026-03-10 04:45:00+00:00,0.04612,0.04644,0.04581,0.04595,748613.0
2026-03-10 05:00:00+00:00,0.04595,0.04597,0.04519,0.04527,1787415.0
2026-03-10 05:15:00+00:00,0.04527,0.04543,0.04479,0.04539,2675264.0
2026-03-10 05:30:00+00:00,0.04539,0.0456,0.04506,0.04535,794364.0
2026-03-10 05:45:00+00:00,0.04535,0.04552,0.04518,0.04532,715791.0
2026-03-10 06:00:00+00:00,0.04532,0.04573,0.04532,0.04563,324383.0
2026-03-10 06:15:00+00:00,0.04563,0.04585,0.04506,0.0457,1603251.0
2026-03-10 06:30:00+00:00,0.0457,0.04631,0.04558,0.04607,3077432.0
2026-03-10 06:45:00+00:00,0.04607,0.04683,0.04596,0.04673,2378941.0
2026-03-10 07:00:00+00:00,0.04673,0.0468,0.04611,0.04667,991279.0
2026-03-10 07:15:00+00:00,0.04667,0.04736,0.04667,0.047,1440138.0
2026-03-10 07:30:00+00:00,0.047,0.04737,0.04667,0.04704,1144560.0
2026-03-10 07:45:00+00:00,0.04704,0.04704,0.04613,0.04635,2399519.0
2026-03-10 08:00:00+00:00,0.04635,0.04635,0.04568,0.0458,1931406.0
2026-03-10 08:15:00+00:00,0.0458,0.04609,0.04517,0.04609,1848613.0
2026-03-10 08:30:00+00:00,0.04609,0.04688,0.04602,0.04658,2821697.0
2026-03-10 08:45:00+00:00,0.04658,0.04672,0.04582,0.04589,2718326.0
2026-03-10 09:00:00+00:00,0.04589,0.04599,0.0456,0.0458,607037.0
2026-03-10 09:15:00+00:00,0.0458,0.04633,0.04566,0.04595,1409997.0
2026-03-10 09:30:00+00:00,0.04595,0.04616,0.04549,0.04565,1376588.0
2026-03-10 09:45:00+00:00,0.04565,0.04587,0.04549,0.04574,702953.0
2026-03-10 10:00:00+00:00,0.04574,0.04618,0.0457,0.04615,483065.0
2026-03-10 10:15:00+00:00,0.04615,0.04707,0.04611,0.04693,1394312.0
2026-03-10 10:30:00+00:00,0.04693,0.04723,0.0465,0.04687,468831.0
2026-03-10 10:45:00+00:00,0.04687,0.04691,0.04655,0.0467,274994.0
2026-03-10 11:00:00+00:00,0.0467,0.0473,0.0464,0.04697,2180257.0
2026-03-10 11:15:00+00:00,0.04697,0.0474,0.04669,0.04683,847625.0
2026-03-10 11:30:00+00:00,0.04683,0.04753,0.04683,0.04699,2528480.0
2026-03-10 11:45:00+00:00,0.04699,0.04739,0.04685,0.0469,1700219.0
2026-03-10 12:00:00+00:00,0.0469,0.04734,0.0465,0.04706,1624854.0
2026-03-10 12:15:00+00:00,0.04706,0.04751,0.04706,0.04714,657879.0
2026-03-10 12:30:00+00:00,0.04714,0.04715,0.04681,0.04704,513352.0
2026-03-10 12:45:00+00:00,0.04704,0.04715,0.04666,0.04676,1134151.0
2026-03-10 13:00:00+00:00,0.04676,0.04733,0.04661,0.04714,456861.0
2026-03-10 13:15:00+00:00,0.04714,0.04741,0.04691,0.04729,293257.0
2026-03-10 13:30:00+00:00,0.04729,0.04739,0.04642,0.04669,2472055.0
2026-03-10 13:45:00+00:00,0.04669,0.04694,0.04613,0.04632,1426273.0
2026-03-10 14:00:00+00:00,0.04632,0.04697,0.04629,0.04692,737214.0
2026-03-10 14:15:00+00:00,0.04692,0.0471,0.0466,0.04669,693402.0
2026-03-10 14:30:00+00:00,0.04669,0.04692,0.04648,0.04685,873341.0
2026-03-10 14:45:00+00:00,0.04685,0.04689,0.04631,0.04631,768365.0
2026-03-10 15:00:00+00:00,0.04631,0.04671,0.04564,0.0457,2299445.0
2026-03-10 15:15:00+00:00,0.0457,0.04596,0.04537,0.04573,1901097.0
2026-03-10 15:30:00+00:00,0.04573,0.0459,0.04507,0.04523,1917669.0
2026-03-10 15:45:00+00:00,0.04523,0.04546,0.04502,0.04546,947785.0
2026-03-10 16:00:00+00:00,0.04546,0.04556,0.04456,0.04477,1865939.0
2026-03-10 16:15:00+00:00,0.04477,0.04507,0.04471,0.04473,756801.0
2026-03-10 16:30:00+00:00,0.04473,0.04491,0.04447,0.04472,769203.0
2026-03-10 16:45:00+00:00,0.04472,0.04507,0.04472,0.04496,650775.0
2026-03-10 17:00:00+00:00,0.04496,0.04504,0.0447,0.0447,370972.0
2026-03-10 17:15:00+00:00,0.0447,0.04474,0.04397,0.04416,3202750.0
2026-03-10 17:30:00+00:00,0.04416,0.04427,0.04355,0.04369,2234250.0
2026-03-10 17:45:00+00:00,0.04369,0.044,0.04369,0.04383,838080.0
2026-03-10 18:00:00+00:00,0.04383,0.04385,0.04344,0.04362,742826.0
2026-03-10 18:15:00+00:00,0.04362,0.0437,0.04305,0.04318,3772965.0
2026-03-10 18:30:00+00:00,0.04318,0.04329,0.04255,0.0427,2595976.0
2026-03-10 18:45:00+00:00,0.0427,0.04306,0.04261,0.04269,886218.0
2026-03-10 19:00:00+00:00,0.04269,0.04299,0.04254,0.04293,405706.0
2026-03-10 19:15:00+00:00,0.04293,0.04314,0.04264,0.04264,1035193.0
2026-03-10 19:30:00+00:00,0.04264,0.04264,0.04219,0.04263,1355009.0
2026-03-10 19:45:00+00:00,0.04263,0.04281,0.04255,0.04255,593186.0
2026-03-10 20:00:00+00:00,0.04255,0.04292,0.0425,0.04282,1336953.0
2026-03-10 20:15:00+00:00,0.04282,0.04303,0.04278,0.04301,797599.0
2026-03-10 20:30:00+00:00,0.04301,0.0432,0.04292,0.04302,1196357.0
2026-03-10 20:45:00+00:00,0.04302,0.04315,0.04283,0.04295,1170772.0
2026-03-10 21:00:00+00:00,0.04295,0.04306,0.04278,0.04278,590516.0
2026-03-10 21:15:00+00:00,0.04278,0.04292,0.04263,0.0427,809127.0
2026-03-10 21:30:00+00:00,0.0427,0.04285,0.0423,0.04253,1401505.0
2026-03-10 21:45:00+00:00,0.04253,0.04253,0.04123,0.04161,4545857.0
2026-03-10 22:00:00+00:00,0.04161,0.04194,0.04153,0.04188,1185517.0
2026-03-10 22:15:00+00:00,0.04188,0.04214,0.04173,0.0421,499257.0
2026-03-10 22:30:00+00:00,0.0421,0.04219,0.04197,0.04211,846306.0
2026-03-10 22:45:00+00:00,0.04211,0.04225,0.04197,0.04208,924180.0
2026-03-10 23:00:00+00:00,0.04208,0.04223,0.04184,0.04211,972033.0
2026-03-10 23:15:00+00:00,0.04211,0.04245,0.04211,0.04238,719577.0
2026-03-10 23:30:00+00:00,0.04238,0.0424,0.04221,0.04237,230432.0
2026-03-10 23:45:00+00:00,0.04237,0.04251,0.04219,0.04226,725068.0
2026-03-11 00:00:00+00:00,0.04226,0.04226,0.04177,0.04203,936806.0
2026-03-11 00:15:00+00:00,0.04203,0.04203,0.04168,0.04179,683640.0
2026-03-11 00:30:00+00:00,0.04179,0.04186,0.04157,0.04173,401896.0
2026-03-11 00:45:00+00:00,0.04173,0.04183,0.04144,0.04182,759688.0
2026-03-11 01:00:00+00:00,0.04182,0.04183,0.04133,0.04151,1620917.0
2026-03-11 01:15:00+00:00,0.04151,0.04186,0.04144,0.04186,944113.0
2026-03-11 01:30:00+00:00,0.04186,0.04262,0.04182,0.0425,1706395.0
2026-03-11 01:45:00+00:00,0.0425,0.04303,0.04247,0.043,2171375.0
2026-03-11 02:00:00+00:00,0.043,0.04318,0.04255,0.04255,1102765.0
2026-03-11 02:15:00+00:00,0.04255,0.04306,0.04255,0.04296,478740.0
2026-03-11 02:30:00+00:00,0.04296,0.04301,0.04265,0.04271,161420.0
2026-03-11 02:45:00+00:00,0.04271,0.04329,0.0427,0.0427,1038845.0
2026-03-11 03:00:00+00:00,0.0427,0.04278,0.0423,0.0427,537730.0
2026-03-11 03:15:00+00:00,0.0427,0.04308,0.0427,0.04292,603670.0
2026-03-11 03:30:00+00:00,0.04292,0.04378,0.04282,0.04376,1424370.0
2026-03-11 03:45:00+00:00,0.04376,0.0439,0.04346,0.04373,1084554.0
2026-03-11 04:00:00+00:00,0.04373,0.04396,0.04334,0.04391,718259.0
2026-03-11 04:15:00+00:00,0.04391,0.04395,0.0435,0.04378,332897.0
2026-03-11 04:30:00+00:00,0.04378,0.04386,0.04357,0.04368,2114516.0
2026-03-11 04:45:00+00:00,0.04368,0.04381,0.04339,0.04379,910218.0
2026-03-11 05:00:00+00:00,0.04379,0.04414,0.04355,0.0439,339364.0
2026-03-11 05:15:00+00:00,0.0439,0.0442,0.0438,0.04416,641722.0
2026-03-11 05:30:00+00:00,0.04416,0.0445,0.04388,0.04402,871122.0
2026-03-11 05:45:00+00:00,0.04402,0.04425,0.04388,0.04425,401333.0
2026-03-11 06:00:00+00:00,0.04425,0.04425,0.04191,0.04217,6338464.0
2026-03-11 06:15:00+00:00,0.04217,0.04262,0.04215,0.04241,1239023.0
2026-03-11 06:30:00+00:00,0.04241,0.04262,0.04211,0.0424,1303326.0
2026-03-11 06:45:00+00:00,0.0424,0.04246,0.04197,0.04223,1663253.0
2026-03-11 07:00:00+00:00,0.04223,0.04227,0.04168,0.0418,3057542.0
2026-03-11 07:15:00+00:00,0.0418,0.04197,0.04168,0.04196,747244.0
2026-03-11 07:30:00+00:00,0.04196,0.04196,0.04115,0.04159,1260044.0
2026-03-11 07:45:00+00:00,0.04159,0.04177,0.04149,0.04149,361696.0
2026-03-11 08:00:00+00:00,0.04149,0.04155,0.03978,0.03991,5984871.0
2026-03-11 08:15:00+00:00,0.03991,0.04033,0.03985,0.0402,1695364.0
2026-03-11 08:30:00+00:00,0.0402,0.04033,0.04006,0.04006,881499.0
2026-03-11 08:45:00+00:00,0.04006,0.04024,0.03963,0.03978,1661735.0
2026-03-11 09:00:00+00:00,0.03978,0.03981,0.03942,0.03957,1066939.0
2026-03-11 09:15:00+00:00,0.03957,0.03975,0.03906,0.03971,2653143.0
2026-03-11 09:30:00+00:00,0.03971,0.03987,0.03959,0.0397,677896.0
2026-03-11 09:45:00+00:00,0.0397,0.0397,0.03929,0.03929,674442.0
2026-03-11 10:00:00+00:00,0.03929,0.03961,0.03913,0.03958,1157338.0
2026-03-11 10:15:00+00:00,0.03958,0.03971,0.03948,0.03951,560388.0
2026-03-11 10:30:00+00:00,0.03951,0.0396,0.03927,0.03945,1440784.0
2026-03-11 10:45:00+00:00,0.03945,0.03955,0.03923,0.03937,998836.0
2026-03-11 11:00:00+00:00,0.03937,0.03956,0.03924,0.03956,867261.0
2026-03-11 11:15:00+00:00,0.03956,0.03968,0.03943,0.03946,1217431.0
2026-03-11 11:30:00+00:00,0.03946,0.03962,0.0393,0.03946,1338747.0
2026-03-11 11:45:00+00:00,0.03946,0.03946,0.0392,0.0394,1790994.0
2026-03-11 12:00:00+00:00,0.0394,0.03945,0.03884,0.03919,2742916.0
2026-03-11 12:15:00+00:00,0.03919,0.03937,0.03903,0.03937,1210501.0
2026-03-11 12:30:00+00:00,0.03937,0.03951,0.03925,0.03934,659877.0
2026-03-11 12:45:00+00:00,0.03934,0.03994,0.03934,0.03969,2014288.0
2026-03-11 13:00:00+00:00,0.03969,0.04012,0.0396,0.03999,1193172.0
2026-03-11 13:15:00+00:00,0.03999,0.04023,0.03993,0.04012,1518727.0
2026-03-11 13:30:00+00:00,0.04012,0.04059,0.03982,0.03982,2105383.0
2026-03-11 13:45:00+00:00,0.03982,0.03998,0.0395,0.03969,1607899.0
2026-03-11 14:00:00+00:00,0.03969,0.04,0.03967,0.03979,971586.0
2026-03-11 14:15:00+00:00,0.03979,0.04002,0.03979,0.04002,394987.0
2026-03-11 14:30:00+00:00,0.04002,0.04065,0.03992,0.04062,1359399.0
2026-03-11 14:45:00+00:00,0.04062,0.04062,0.04005,0.04014,488617.0
2026-03-11 15:00:00+00:00,0.04014,0.04025,0.03968,0.03983,1348324.0
2026-03-11 15:15:00+00:00,0.03983,0.04005,0.03968,0.03986,851870.0
2026-03-11 15:30:00+00:00,0.03986,0.04041,0.03947,0.0402,4240935.0
2026-03-11 15:45:00+00:00,0.0402,0.04042,0.04005,0.04041,996112.0
2026-03-11 16:00:00+00:00,0.04041,0.04047,0.04013,0.04042,631221.0
2026-03-11 16:15:00+00:00,0.04042,0.0405,0.04016,0.04026,1695590.0
2026-03-11 16:30:00+00:00,0.04026,0.0405,0.04023,0.0405,368912.0
2026-03-11 16:45:00+00:00,0.0405,0.04063,0.04026,0.04031,970914.0
2026-03-11 17:00:00+00:00,0.04031,0.0407,0.04031,0.04053,534143.0
2026-03-11 17:15:00+00:00,0.04053,0.04089,0.04053,0.04072,651872.0
2026-03-11 17:30:00+00:00,0.04072,0.04081,0.04042,0.04048,988407.0
2026-03-11 17:45:00+00:00,0.04048,0.04056,0.04029,0.04042,276739.0
2026-03-11 18:00:00+00:00,0.04042,0.04047,0.04033,0.04047,704552.0
2026-03-11 18:15:00+00:00,0.04047,0.04058,0.04043,0.04047,147911.0
2026-03-11 18:30:00+00:00,0.04047,0.04048,0.04011,0.04018,288085.0
2026-03-11 18:45:00+00:00,0.04018,0.04036,0.04011,0.04036,125056.0
2026-03-11 19:00:00+00:00,0.04036,0.04038,0.0402,0.04033,360682.0
2026-03-11 19:15:00+00:00,0.04033,0.04037,0.04021,0.04023,190214.0
2026-03-11 19:30:00+00:00,0.04023,0.04036,0.04019,0.04031,51162.0
2026-03-11 19:45:00+00:00,0.04031,0.04031,0.03995,0.04007,323801.0
2026-03-11 20:00:00+00:00,0.04007,0.04009,0.03985,0.03991,155494.0
2026-03-11 20:15:00+00:00,0.03991,0.03998,0.03975,0.03996,217209.0
2026-03-11 20:30:00+00:00,0.03996,0.04,0.03984,0.03994,72595.0
2026-03-11 20:45:00+00:00,0.03994,0.04,0.0399,0.03996,105520.0
2026-03-11 21:00:00+00:00,0.03996,0.03998,0.0398,0.0398,252172.0
2026-03-11 21:15:00+00:00,0.0398,0.04013,0.0398,0.04012,153417.0
2026-03-11 21:30:00+00:00,0.04012,0.04035,0.04012,0.04028,196896.0
2026-03-11 21:45:00+00:00,0.04028,0.04042,0.04027,0.04035,143284.0
2026-03-11 22:00:00+00:00,0.04035,0.04059,0.04035,0.04044,922643.0
2026-03-11 22:15:00+00:00,0.04044,0.04047,0.04031,0.04031,162006.0
2026-03-11 22:30:00+00:00,0.04031,0.04049,0.04023,0.04047,1508107.0
2026-03-11 22:45:00+00:00,0.04047,0.04061,0.04045,0.04053,591454.0
2026-03-11 23:00:00+00:00,0.04053,0.04067,0.04051,0.04055,156706.0
2026-03-11 23:15:00+00:00,0.04055,0.04069,0.0404,0.04062,655823.0
2026-03-11 23:30:00+00:00,0.04062,0.04068,0.0405,0.04058,918983.0
2026-03-11 23:45:00+00:00,0.04058,0.04058,0.04041,0.04046,327815.0
2026-03-12 00:00:00+00:00,0.04046,0.04046,0.03975,0.03999,1685414.0
2026-03-12 00:15:00+00:00,0.03999,0.04001,0.03985,0.03997,586904.0
2026-03-12 00:30:00+00:00,0.03997,0.04033,0.03995,0.04033,300477.0
2026-03-12 00:45:00+00:00,0.04033,0.0409,0.04033,0.04058,1285573.0
2026-03-12 01:00:00+00:00,0.04058,0.04105,0.0405,0.0409,662670.0
2026-03-12 01:15:00+00:00,0.0409,0.04098,0.04065,0.04065,679675.0
2026-03-12 01:30:00+00:00,0.04065,0.04068,0.0401,0.04021,591749.0
2026-03-12 01:45:00+00:00,0.04021,0.04041,0.04011,0.04041,208999.0
2026-03-12 02:00:00+00:00,0.04041,0.04057,0.04031,0.0405,167230.0
2026-03-12 02:15:00+00:00,0.0405,0.0408,0.04028,0.04074,339577.0
2026-03-12 02:30:00+00:00,0.04074,0.04084,0.04011,0.04018,2441042.0
2026-03-12 02:45:00+00:00,0.04018,0.0402,0.03973,0.03973,1311777.0
2026-03-12 03:00:00+00:00,0.03973,0.03993,0.03949,0.03993,1052858.0
2026-03-12 03:15:00+00:00,0.03993,0.03998,0.03963,0.03982,679719.0
2026-03-12 03:30:00+00:00,0.03982,0.03982,0.03959,0.03959,233658.0
2026-03-12 03:45:00+00:00,0.03959,0.03959,0.03915,0.03954,3154201.0
2026-03-12 04:00:00+00:00,0.03954,0.03976,0.03929,0.03976,577115.0
2026-03-12 04:15:00+00:00,0.03976,0.03984,0.03963,0.03963,213462.0
