symbol,baseCoin,granularity,profile,lookback_days,bars,trades,win_rate_pct,profit_factor,max_drawdown_pct,net_return_pct,quality_score,last_close,trend_state,last_signal,last_bar_utc
WLDUSDT,WLD,4H,Base TV,365,441,5,80.0,7.1594,-5.6604,38.2493,25.2964,0.3664,SHORT,NONE,2026-03-13T00:00:00+00:00
PIPPINUSDT,PIPPIN,4H,Base TV,365,441,4,100.0,inf,0.0,44.5317,20.0,0.35704,SHORT,NONE,2026-03-13T00:00:00+00:00
AKTUSDT,AKT,4H,Base TV,365,441,4,75.0,7.2205,-6.0,40.8208,18.0512,0.476,LONG,NONE,2026-03-13T00:00:00+00:00
FLUIDUSDT,FLUID,4H,Base TV,365,441,4,75.0,6.854,-6.0,38.0956,17.135,2.266,SHORT,NONE,2026-03-13T00:00:00+00:00
CTCUSDT,CTC,4H,Base TV,365,441,3,100.0,inf,0.0,5.944,15.0,0.1566,LONG,NONE,2026-03-13T00:00:00+00:00
EULUSDT,EUL,4H,Base TV,365,441,3,100.0,inf,0.0,36.4198,15.0,0.936,SHORT,NONE,2026-03-13T00:00:00+00:00
GLMUSDT,GLM,4H,Base TV,365,441,3,100.0,inf,0.0,21.8572,15.0,0.1281,SHORT,NONE,2026-03-13T00:00:00+00:00
TRXUSDT,TRX,4H,Base TV,365,441,3,100.0,inf,0.0,11.2512,15.0,0.29021,LONG,NONE,2026-03-13T00:00:00+00:00
ADAUSDT,ADA,4H,Base TV,365,441,4,75.0,4.6796,-5.6604,20.9903,12.4009,0.2699,LONG,NONE,2026-03-13T00:00:00+00:00
1000RATSUSDT,1000RATS,4H,Base TV,365,441,2,100.0,inf,0.0,30.1498,10.0,0.04994,SHORT,NONE,2026-03-13T00:00:00+00:00
AERGOUSDT,AERGO,4H,Base TV,365,441,2,100.0,inf,0.0,3.8463,10.0,0.05491,LONG,NONE,2026-03-13T00:00:00+00:00
B3USDT,B3,4H,Base TV,365,441,2,100.0,inf,0.0,11.2325,10.0,0.0004045,LONG,NONE,2026-03-13T00:00:00+00:00
BRUSDT,BR,4H,Base TV,365,441,2,100.0,inf,0.0,31.0291,10.0,0.05785,SHORT,NONE,2026-03-13T00:00:00+00:00
CLANKERUSDT,CLANKER,4H,Base TV,365,441,2,100.0,inf,0.0,16.3877,10.0,26.98,SHORT,NONE,2026-03-13T00:00:00+00:00
CHZUSDT,CHZ,4H,Base TV,365,441,2,100.0,inf,0.0,19.4443,10.0,0.03748,LONG,NONE,2026-03-13T00:00:00+00:00
DRIFTUSDT,DRIFT,4H,Base TV,365,441,2,100.0,inf,0.0,19.4443,10.0,0.0815,SHORT,NONE,2026-03-13T00:00:00+00:00
GRASSUSDT,GRASS,4H,Base TV,365,441,2,100.0,inf,0.0,27.435,10.0,0.3698,LONG,NONE,2026-03-13T00:00:00+00:00
HOLOUSDT,HOLO,4H,Base TV,365,441,2,100.0,inf,0.0,14.7322,10.0,0.05886,SHORT,NONE,2026-03-13T00:00:00+00:00
ICPUSDT,ICP,4H,Base TV,365,441,2,100.0,inf,0.0,7.5903,10.0,2.689,LONG,NONE,2026-03-13T00:00:00+00:00
JSTUSDT,JST,4H,Base TV,365,441,2,100.0,inf,0.0,13.2211,10.0,0.05375,LONG,NONE,2026-03-13T00:00:00+00:00
KAITOUSDT,KAITO,4H,Base TV,365,441,2,100.0,inf,0.0,3.9635,10.0,0.3612,SHORT,NONE,2026-03-13T00:00:00+00:00
NEARUSDT,NEAR,4H,Base TV,365,441,2,100.0,inf,0.0,7.8361,10.0,1.3924,LONG,NONE,2026-03-13T00:00:00+00:00
NOMUSDT,NOM,4H,Base TV,365,441,2,100.0,inf,0.0,33.7186,10.0,0.003474,SHORT,NONE,2026-03-13T00:00:00+00:00
PIUSDT,PI,4H,Base TV,365,441,2,100.0,inf,0.0,3.9635,10.0,0.2919,LONG,NONE,2026-03-13T00:00:00+00:00
RESOLVUSDT,RESOLV,4H,Base TV,365,441,2,100.0,inf,0.0,12.7372,10.0,0.09745,SHORT,NONE,2026-03-13T00:00:00+00:00
STOUSDT,STO,4H,Base TV,365,441,2,100.0,inf,0.0,11.2325,10.0,0.06722,LONG,NONE,2026-03-13T00:00:00+00:00
SXTUSDT,SXT,4H,Base TV,365,441,2,100.0,inf,0.0,14.2799,10.0,0.01879,LONG,NONE,2026-03-13T00:00:00+00:00
UNIUSDT,UNI,4H,Base TV,365,441,2,100.0,inf,0.0,19.4443,10.0,3.984,SHORT,NONE,2026-03-13T00:00:00+00:00
WIFUSDT,WIF,4H,Base TV,365,441,2,100.0,inf,0.0,22.8225,10.0,0.1716,SHORT,NONE,2026-03-13T00:00:00+00:00
STXUSDT,STX,4H,Base TV,365,441,4,75.0,3.6757,-6.0,15.91,9.1893,0.2577,SHORT,NONE,2026-03-13T00:00:00+00:00
CETUSUSDT,CETUS,4H,Base TV,365,441,3,66.6667,4.2912,-5.6604,18.6107,7.5811,0.01775,LONG,NONE,2026-03-13T00:00:00+00:00
APEUSDT,APE,4H,Base TV,365,441,3,66.6667,3.9301,-5.6604,16.4244,6.9432,0.099,SHORT,NONE,2026-03-13T00:00:00+00:00
TRUMPUSDT,TRUMP,4H,Base TV,365,441,3,66.6667,4.1103,-6.0,18.3873,6.8505,2.945,SHORT,NONE,2026-03-13T00:00:00+00:00
THEUSDT,THE,4H,Base TV,365,441,3,66.6667,3.9328,-6.0,17.4795,6.5547,0.2768,LONG,NONE,2026-03-13T00:00:00+00:00
PUFFERUSDT,PUFFER,4H,Base TV,365,441,3,66.6667,3.7786,-6.0,16.1945,6.2977,0.03172,LONG,NONE,2026-03-13T00:00:00+00:00
ENAUSDT,ENA,4H,Base TV,365,441,3,66.6667,3.3772,-5.6604,12.6833,5.9664,0.1086,SHORT,NONE,2026-03-13T00:00:00+00:00
ETHUSDT,ETH,4H,Base TV,365,441,3,66.6667,3.3772,-5.6604,12.6833,5.9664,2122.0,LONG,NONE,2026-03-13T00:00:00+00:00
STABLEUSDT,STABLE,4H,Base TV,365,441,3,66.6667,3.3772,-5.6604,12.6833,5.9664,0.02904,SHORT,NONE,2026-03-13T00:00:00+00:00
SFPUSDT,SFP,4H,Base TV,365,441,3,66.6667,3.3122,-5.6604,12.2764,5.8515,0.2797,LONG,NONE,2026-03-13T00:00:00+00:00
0GUSDT,0G,4H,Base TV,365,441,1,100.0,inf,0.0,14.0832,5.0,0.5888,SHORT,NONE,2026-03-13T00:00:00+00:00
AINUSDT,AIN,4H,Base TV,365,441,1,100.0,inf,0.0,1.905,5.0,0.05378,LONG,NONE,2026-03-13T00:00:00+00:00
AIXBTUSDT,AIXBT,4H,Base TV,365,441,1,100.0,inf,0.0,1.905,5.0,0.0279,LONG,NONE,2026-03-13T00:00:00+00:00
API3USDT,API3,4H,Base TV,365,441,1,100.0,inf,0.0,4.6556,5.0,0.293,LONG,NONE,2026-03-13T00:00:00+00:00
ARUSDT,AR,4H,Base TV,365,441,1,100.0,inf,0.0,1.905,5.0,1.894,LONG,NONE,2026-03-13T00:00:00+00:00
ASTERUSDT,ASTER,4H,Base TV,365,441,1,100.0,inf,0.0,14.0832,5.0,0.7096,LONG,NONE,2026-03-13T00:00:00+00:00
ATOMUSDT,ATOM,4H,Base TV,365,441,1,100.0,inf,0.0,14.0832,5.0,1.8436,LONG,NONE,2026-03-13T00:00:00+00:00
BANANAS31USDT,BANANAS31,4H,Base TV,365,441,1,100.0,inf,0.0,1.905,5.0,0.007902,LONG,NONE,2026-03-13T00:00:00+00:00
BEAMUSDT,BEAM,4H,Base TV,365,441,1,100.0,inf,0.0,10.3754,5.0,0.002003,LONG,NONE,2026-03-13T00:00:00+00:00
CHILLGUYUSDT,CHILLGUY,4H,Base TV,365,441,1,100.0,inf,0.0,2.0201,5.0,0.00985,SHORT,NONE,2026-03-13T00:00:00+00:00
COMPUSDT,COMP,4H,Base TV,365,441,1,100.0,inf,0.0,13.2474,5.0,18.1,LONG,NONE,2026-03-13T00:00:00+00:00
DIAUSDT,DIA,4H,Base TV,365,441,1,100.0,inf,0.0,14.0832,5.0,0.1928,LONG,NONE,2026-03-13T00:00:00+00:00
DOTUSDT,DOT,4H,Base TV,365,441,1,100.0,inf,0.0,14.0832,5.0,1.534,LONG,NONE,2026-03-13T00:00:00+00:00
DOLOUSDT,DOLO,4H,Base TV,365,441,1,100.0,inf,0.0,2.0201,5.0,0.0356,LONG,NONE,2026-03-13T00:00:00+00:00
DYMUSDT,DYM,4H,Base TV,365,441,1,100.0,inf,0.0,10.2198,5.0,0.03568,SHORT,NONE,2026-03-13T00:00:00+00:00
FFUSDT,FF,4H,Base TV,365,441,1,100.0,inf,0.0,4.7002,5.0,0.07448,LONG,NONE,2026-03-13T00:00:00+00:00
FLUXUSDT,FLUX,4H,Base TV,365,441,1,100.0,inf,0.0,2.0201,5.0,0.05757,LONG,NONE,2026-03-13T00:00:00+00:00
FORMUSDT,FORM,4H,Base TV,365,441,1,100.0,inf,0.0,2.0201,5.0,0.2986,SHORT,NONE,2026-03-13T00:00:00+00:00
HFTUSDT,HFT,4H,Base TV,365,441,1,100.0,inf,0.0,1.905,5.0,0.01548,LONG,NONE,2026-03-13T00:00:00+00:00
HOMEUSDT,HOME,4H,Base TV,365,441,1,100.0,inf,0.0,1.905,5.0,0.02283,SHORT,NONE,2026-03-13T00:00:00+00:00
HOTUSDT,HOT,4H,Base TV,365,441,1,100.0,inf,0.0,10.4599,5.0,0.000411,SHORT,NONE,2026-03-13T00:00:00+00:00
ICNTUSDT,ICNT,4H,Base TV,365,441,1,100.0,inf,0.0,1.905,5.0,0.3739,LONG,NONE,2026-03-13T00:00:00+00:00
IOTXUSDT,IOTX,4H,Base TV,365,441,1,100.0,inf,0.0,7.1549,5.0,0.0053,LONG,NONE,2026-03-13T00:00:00+00:00
KERNELUSDT,KERNEL,4H,Base TV,365,441,1,100.0,inf,0.0,9.03,5.0,0.09822,LONG,NONE,2026-03-13T00:00:00+00:00
KITEUSDT,KITE,4H,Base TV,365,441,1,100.0,inf,0.0,5.46,5.0,0.24558,SHORT,NONE,2026-03-13T00:00:00+00:00
KMNOUSDT,KMNO,4H,Base TV,365,441,1,100.0,inf,0.0,9.9532,5.0,0.01976,SHORT,NONE,2026-03-13T00:00:00+00:00
LITUSDT,LIT,4H,Base TV,365,374,1,100.0,inf,0.0,1.905,5.0,1.169,LONG,NONE,2026-03-13T00:00:00+00:00
MEMEUSDT,MEME,4H,Base TV,365,441,1,100.0,inf,0.0,2.0201,5.0,0.0006144,LONG,NONE,2026-03-13T00:00:00+00:00
MEUSDT,ME,4H,Base TV,365,441,1,100.0,inf,0.0,17.2114,5.0,0.1142,SHORT,NONE,2026-03-13T00:00:00+00:00
MMTUSDT,MMT,4H,Base TV,365,441,1,100.0,inf,0.0,9.03,5.0,0.13,LONG,NONE,2026-03-13T00:00:00+00:00
MOCAUSDT,MOCA,4H,Base TV,365,441,1,100.0,inf,0.0,1.905,5.0,0.01444,SHORT,NONE,2026-03-13T00:00:00+00:00
MOVRUSDT,MOVR,4H,Base TV,365,441,1,100.0,inf,0.0,8.1976,5.0,1.268,SHORT,NONE,2026-03-13T00:00:00+00:00
MORPHOUSDT,MORPHO,4H,Base TV,365,441,1,100.0,inf,0.0,8.9606,5.0,1.9983,LONG,NONE,2026-03-13T00:00:00+00:00
COOKIEUSDT,COOKIE,4H,Base TV,365,441,1,100.0,inf,0.0,1.905,5.0,0.02017,SHORT,NONE,2026-03-13T00:00:00+00:00
NAORISUSDT,NAORIS,4H,Base TV,365,441,1,100.0,inf,0.0,14.0832,5.0,0.0593,LONG,NONE,2026-03-13T00:00:00+00:00
OGNUSDT,OGN,4H,Base TV,365,441,1,100.0,inf,0.0,6.0659,5.0,0.02618,LONG,NONE,2026-03-13T00:00:00+00:00
OGUSDT,OG,4H,Base TV,365,441,1,100.0,inf,0.0,14.0832,5.0,2.9484,LONG,NONE,2026-03-13T00:00:00+00:00
PHBUSDT,PHB,4H,Base TV,365,441,1,100.0,inf,0.0,7.902,5.0,0.1528,SHORT,NONE,2026-03-13T00:00:00+00:00
PORTALUSDT,PORTAL,4H,Base TV,365,441,1,100.0,inf,0.0,7.3309,5.0,0.01247,LONG,NONE,2026-03-13T00:00:00+00:00
QUSDT,Q,4H,Base TV,365,441,1,100.0,inf,0.0,14.0832,5.0,0.013369,SHORT,NONE,2026-03-13T00:00:00+00:00
RIVERUSDT,RIVER,4H,Base TV,365,441,1,100.0,inf,0.0,1.905,5.0,18.746,LONG,NONE,2026-03-13T00:00:00+00:00
REDUSDT,RED,4H,Base TV,365,441,1,100.0,inf,0.0,12.4345,5.0,0.1299,SHORT,NONE,2026-03-13T00:00:00+00:00
SIGNUSDT,SIGN,4H,Base TV,365,441,1,100.0,inf,0.0,2.0201,5.0,0.04683,SHORT,NONE,2026-03-13T00:00:00+00:00
SNTUSDT,SNT,4H,Base TV,365,441,1,100.0,inf,0.0,11.3238,5.0,0.00965,SHORT,NONE,2026-03-13T00:00:00+00:00
SNXUSDT,SNX,4H,Base TV,365,441,1,100.0,inf,0.0,10.3397,5.0,0.3156,LONG,NONE,2026-03-13T00:00:00+00:00
STBLUSDT,STBL,4H,Base TV,365,441,1,100.0,inf,0.0,1.905,5.0,0.03553,SHORT,NONE,2026-03-13T00:00:00+00:00
SYRUPUSDT,SYRUP,4H,Base TV,365,441,1,100.0,inf,0.0,1.905,5.0,0.2464,LONG,NONE,2026-03-13T00:00:00+00:00
SYNUSDT,SYN,4H,Base TV,365,441,1,100.0,inf,0.0,2.0201,5.0,0.04758,SHORT,NONE,2026-03-13T00:00:00+00:00
SYSUSDT,SYS,4H,Base TV,365,441,1,100.0,inf,0.0,14.7639,5.0,0.012,LONG,NONE,2026-03-13T00:00:00+00:00
TONUSDT,TON,4H,Base TV,365,441,1,100.0,inf,0.0,8.438,5.0,1.3121,LONG,NONE,2026-03-13T00:00:00+00:00
VIRTUALUSDT,VIRTUAL,4H,Base TV,365,441,1,100.0,inf,0.0,1.905,5.0,0.7375,LONG,NONE,2026-03-13T00:00:00+00:00
WAXPUSDT,WAXP,4H,Base TV,365,441,1,100.0,inf,0.0,10.9409,5.0,0.006357,LONG,NONE,2026-03-13T00:00:00+00:00
WCTUSDT,WCT,4H,Base TV,365,441,1,100.0,inf,0.0,17.2114,5.0,0.06053,LONG,NONE,2026-03-13T00:00:00+00:00
WLFIUSDT,WLFI,4H,Base TV,365,441,1,100.0,inf,0.0,2.0201,5.0,0.102,SHORT,NONE,2026-03-13T00:00:00+00:00
XAGUSDT,XAG,4H,Base TV,365,290,1,100.0,inf,0.0,6.4788,5.0,85.33,LONG,NONE,2026-03-13T00:00:00+00:00
XANUSDT,XAN,4H,Base TV,365,441,1,100.0,inf,0.0,1.0407,5.0,0.006699,LONG,NONE,2026-03-13T00:00:00+00:00
XPINUSDT,XPIN,4H,Base TV,365,441,1,100.0,inf,0.0,1.905,5.0,0.0015221,LONG,NONE,2026-03-13T00:00:00+00:00
XPTUSDT,XPT,4H,Base TV,365,152,1,100.0,inf,0.0,6.9838,5.0,2171.28,SHORT,NONE,2026-03-13T00:00:00+00:00
ZKJUSDT,ZKJ,4H,Base TV,365,441,1,100.0,inf,0.0,6.4513,5.0,0.02513,SHORT,NONE,2026-03-13T00:00:00+00:00
WAVESUSDT,WAVES,4H,Base TV,365,441,1,100.0,inf,0.0,6.0659,5.0,0.4599,SHORT,NONE,2026-03-13T00:00:00+00:00
GUSDT,G,4H,Base TV,365,441,3,66.6667,2.8214,-6.0,10.163,4.7023,0.003421,LONG,NONE,2026-03-13T00:00:00+00:00
AEROUSDT,AERO,4H,Base TV,365,441,5,60.0,3.0883,-10.4619,22.0099,4.4279,0.3431,SHORT,NONE,2026-03-13T00:00:00+00:00
ZECUSDT,ZEC,4H,Base TV,365,441,5,60.0,1.771,-6.0,7.7946,4.4275,213.26,LONG,NONE,2026-03-13T00:00:00+00:00
PENGUUSDT,PENGU,4H,Base TV,365,441,3,66.6667,2.4925,-5.6604,7.8687,4.4034,0.007381,LONG,NONE,2026-03-13T00:00:00+00:00
UAIUSDT,UAI,4H,Base TV,365,441,3,66.6667,2.5255,-6.0,8.7068,4.2092,0.34611,LONG,NONE,2026-03-13T00:00:00+00:00
INJUSDT,INJ,4H,Base TV,365,441,3,66.6667,2.0709,-5.6604,5.5833,3.6586,3.085,LONG,NONE,2026-03-13T00:00:00+00:00
BLASTUSDT,BLAST,4H,Base TV,365,441,3,66.6667,2.1519,-6.0,6.3435,3.5865,0.000491,SHORT,NONE,2026-03-13T00:00:00+00:00
MBOXUSDT,MBOX,4H,Base TV,365,441,4,50.0,2.0247,-5.6604,10.1575,3.577,0.01646,SHORT,NONE,2026-03-13T00:00:00+00:00
JUPUSDT,JUP,4H,Base TV,365,441,3,66.6667,1.9781,-6.0,5.3437,3.2968,0.166,SHORT,NONE,2026-03-13T00:00:00+00:00
SHIBUSDT,SHIB,4H,Base TV,365,441,2,50.0,2.9493,-4.7751,8.6356,2.9493,5.98e-06,LONG,NONE,2026-03-13T00:00:00+00:00
SKYAIUSDT,SKYAI,4H,Base TV,365,441,4,75.0,1.03,-5.6604,-0.0528,2.7295,0.04288,SHORT,NONE,2026-03-13T00:00:00+00:00
JTOUSDT,JTO,4H,Base TV,365,441,2,50.0,3.0407,-5.6604,10.5768,2.6859,0.2861,LONG,NONE,2026-03-13T00:00:00+00:00
VVVUSDT,VVV,4H,Base TV,365,441,2,50.0,3.0407,-5.6604,10.5768,2.6859,6.07,SHORT,NONE,2026-03-13T00:00:00+00:00
ALGOUSDT,ALGO,4H,Base TV,365,441,5,60.0,1.9924,-11.3208,10.851,2.6399,0.0913,LONG,NONE,2026-03-13T00:00:00+00:00
1000CATUSDT,1000CAT,4H,Base TV,365,441,5,60.0,1.9003,-11.3208,9.4608,2.5179,0.00185,LONG,NONE,2026-03-13T00:00:00+00:00
CELOUSDT,CELO,4H,Base TV,365,441,4,75.0,0.9909,-6.0,-0.3002,2.4773,0.0758,SHORT,NONE,2026-03-13T00:00:00+00:00
BNBUSDT,BNB,4H,Base TV,365,441,4,50.0,1.4804,-6.0,4.1505,2.4673,659.81,LONG,NONE,2026-03-13T00:00:00+00:00
ACEUSDT,ACE,4H,Base TV,365,441,2,50.0,2.8686,-6.0,10.1788,2.3905,0.1492,LONG,NONE,2026-03-13T00:00:00+00:00
FARTCOINUSDT,FARTCOIN,4H,Base TV,365,441,2,50.0,2.8686,-6.0,10.1788,2.3905,0.1609,SHORT,NONE,2026-03-13T00:00:00+00:00
XPLUSDT,XPL,4H,Base TV,365,441,2,50.0,2.8686,-6.0,10.1788,2.3905,0.1076,LONG,NONE,2026-03-13T00:00:00+00:00
GUNUSDT,GUN,4H,Base TV,365,441,3,66.6667,1.3477,-6.0,1.716,2.2462,0.01672,SHORT,NONE,2026-03-13T00:00:00+00:00
EGLDUSDT,EGLD,4H,Base TV,365,441,6,50.0,1.6887,-11.3208,10.4161,2.2375,4.19,SHORT,NONE,2026-03-13T00:00:00+00:00
OXTUSDT,OXT,4H,Base TV,365,441,2,50.0,2.5066,-5.6184,7.6735,2.2307,0.01907,LONG,NONE,2026-03-13T00:00:00+00:00
XDCUSDT,XDC,4H,Base TV,365,441,7,57.1429,1.3235,-11.9034,4.2288,2.2237,0.03278,SHORT,NONE,2026-03-13T00:00:00+00:00
ATHUSDT,ATH,4H,Base TV,365,441,2,50.0,2.488,-5.6604,7.6257,2.1977,0.005959,SHORT,NONE,2026-03-13T00:00:00+00:00
BASUSDT,BAS,4H,Base TV,365,441,2,50.0,2.488,-5.6604,7.6257,2.1977,0.008391,LONG,NONE,2026-03-13T00:00:00+00:00
MIRAUSDT,MIRA,4H,Base TV,365,441,2,50.0,2.488,-5.6604,7.6257,2.1977,0.0821,LONG,NONE,2026-03-13T00:00:00+00:00
POWERUSDT,POWER,4H,Base TV,365,441,2,50.0,2.488,-5.6604,7.6257,2.1977,0.12367,SHORT,NONE,2026-03-13T00:00:00+00:00
TOSHIUSDT,TOSHI,4H,Base TV,365,441,2,50.0,2.488,-5.6604,7.6257,2.1977,0.0002157,LONG,NONE,2026-03-13T00:00:00+00:00
PROVEUSDT,PROVE,4H,Base TV,365,441,2,50.0,2.4566,-5.6604,7.4578,2.17,0.2661,SHORT,NONE,2026-03-13T00:00:00+00:00
GMXUSDT,GMX,4H,Base TV,365,441,4,50.0,1.2714,-6.0,2.1934,2.119,6.408,SHORT,NONE,2026-03-13T00:00:00+00:00
DEGENUSDT,DEGEN,4H,Base TV,365,441,2,50.0,2.3472,-6.0,7.2382,1.956,0.000749,LONG,NONE,2026-03-13T00:00:00+00:00
IRYSUSDT,IRYS,4H,Base TV,365,441,2,50.0,2.3472,-6.0,7.2382,1.956,0.01786,LONG,NONE,2026-03-13T00:00:00+00:00
LUNCUSDT,LUNC,4H,Base TV,365,441,2,50.0,2.3472,-6.0,7.2382,1.956,4.174e-05,SHORT,NONE,2026-03-13T00:00:00+00:00
POLUSDT,POL,4H,Base TV,365,441,2,50.0,2.3472,-6.0,7.2382,1.956,0.0995,SHORT,NONE,2026-03-13T00:00:00+00:00
STEEMUSDT,STEEM,4H,Base TV,365,441,4,50.0,1.572,-9.7027,4.9454,1.6202,0.05964,SHORT,NONE,2026-03-13T00:00:00+00:00
SUSDT,S,4H,Base TV,365,441,3,66.6667,0.9167,-5.6604,-0.705,1.6195,0.04363,LONG,NONE,2026-03-13T00:00:00+00:00
SIRENUSDT,SIREN,4H,Base TV,365,441,5,60.0,1.2538,-11.64,2.1286,1.6157,0.56555,LONG,NONE,2026-03-13T00:00:00+00:00
XVSUSDT,XVS,4H,Base TV,365,441,3,66.6667,0.8586,-5.6604,-1.0222,1.5169,3.024,LONG,NONE,2026-03-13T00:00:00+00:00
LQTYUSDT,LQTY,4H,Base TV,365,441,2,50.0,1.5056,-1.2653,0.6156,1.5056,0.3009,LONG,NONE,2026-03-13T00:00:00+00:00
ZORAUSDT,ZORA,4H,Base TV,365,441,2,50.0,1.7672,-6.0,3.9671,1.4727,0.01757,LONG,NONE,2026-03-13T00:00:00+00:00
VETUSDT,VET,4H,Base TV,365,441,4,50.0,1.66,-11.3208,6.674,1.4663,0.007313,SHORT,NONE,2026-03-13T00:00:00+00:00
ACXUSDT,ACX,4H,Base TV,365,441,5,60.0,1.0459,-10.7705,-0.1993,1.4566,0.04915,LONG,NONE,2026-03-13T00:00:00+00:00
APRUSDT,APR,4H,Base TV,365,441,4,50.0,1.6394,-11.3208,5.9223,1.4481,0.11397,SHORT,NONE,2026-03-13T00:00:00+00:00
AIOUSDT,AIO,4H,Base TV,365,441,2,50.0,1.5953,-5.6604,2.8585,1.4092,0.08133,SHORT,NONE,2026-03-13T00:00:00+00:00
SUNUSDT,SUN,4H,Base TV,365,441,6,33.3333,1.0907,-7.8504,0.2345,1.3894,0.015998,LONG,NONE,2026-03-13T00:00:00+00:00
CAKEUSDT,CAKE,4H,Base TV,365,441,3,66.6667,0.8227,-6.0,-1.3161,1.3712,1.4035,LONG,NONE,2026-03-13T00:00:00+00:00
ROSEUSDT,ROSE,4H,Base TV,365,441,2,50.0,1.438,-5.6604,2.0185,1.2702,0.01273,LONG,NONE,2026-03-13T00:00:00+00:00
QNTUSDT,QNT,4H,Base TV,365,441,3,66.6667,0.7404,-6.0,-1.778,1.234,64.27,SHORT,NONE,2026-03-13T00:00:00+00:00
1000BONKUSDT,1000BONK,4H,Base TV,365,441,4,50.0,1.3867,-11.3208,3.2789,1.2249,0.006263,LONG,NONE,2026-03-13T00:00:00+00:00
BOMEUSDT,BOME,4H,Base TV,365,441,4,50.0,1.3712,-11.3208,3.0954,1.2112,0.0004594,LONG,NONE,2026-03-13T00:00:00+00:00
BTCUSDT,BTC,4H,Base TV,365,441,4,50.0,0.7715,-6.6265,-1.7618,1.1643,71556.1,LONG,NONE,2026-03-13T00:00:00+00:00
SUSHIUSDT,SUSHI,4H,Base TV,365,441,4,50.0,1.064,-9.3049,-0.1079,1.1435,0.211,LONG,NONE,2026-03-13T00:00:00+00:00
1000XECUSDT,1000XEC,4H,Base TV,365,441,3,66.6667,0.6734,-6.0,-2.1639,1.1223,0.00706,LONG,NONE,2026-03-13T00:00:00+00:00
KAIAUSDT,KAIA,4H,Base TV,365,441,5,40.0,1.1938,-11.1974,1.3089,1.0661,0.05491,LONG,NONE,2026-03-13T00:00:00+00:00
ATAUSDT,ATA,4H,Base TV,365,441,2,50.0,1.1654,-5.6604,0.5628,1.0294,0.01218,LONG,NONE,2026-03-13T00:00:00+00:00
1MCHEEMSUSDT,1MCHEEMS,4H,Base TV,365,441,6,33.3333,1.1021,-11.3208,0.0461,0.9735,0.484,LONG,NONE,2026-03-13T00:00:00+00:00
TAGUSDT,TAG,4H,Base TV,365,441,3,33.3333,1.159,-6.0,0.6495,0.9658,0.0004425,LONG,NONE,2026-03-13T00:00:00+00:00
PYTHUSDT,PYTH,4H,Base TV,365,441,4,50.0,1.0607,-11.3208,-0.1674,0.9369,0.0485,SHORT,NONE,2026-03-13T00:00:00+00:00
JOEUSDT,JOE,4H,Base TV,365,441,6,50.0,0.8763,-14.7466,-3.1253,0.8914,0.0413,LONG,NONE,2026-03-13T00:00:00+00:00
XTZUSDT,XTZ,4H,Base TV,365,441,4,50.0,0.9669,-10.9114,-1.2486,0.8861,0.3681,SHORT,NONE,2026-03-13T00:00:00+00:00
ONTUSDT,ONT,4H,Base TV,365,441,2,50.0,1.011,-6.0,-0.2981,0.8425,0.04158,SHORT,NONE,2026-03-13T00:00:00+00:00
USUSDT,US,4H,Base TV,365,441,2,50.0,1.011,-6.0,-0.2981,0.8425,0.003878,LONG,NONE,2026-03-13T00:00:00+00:00
RLSUSDT,RLS,4H,Base TV,365,441,2,50.0,0.9252,-5.6604,-0.72,0.8173,0.00453,LONG,NONE,2026-03-13T00:00:00+00:00
1MBABYDOGEUSDT,1MBABYDOGE,4H,Base TV,365,441,5,40.0,1.1646,-16.3403,1.3267,0.7127,0.0004342,LONG,NONE,2026-03-13T00:00:00+00:00
AVAXUSDT,AVAX,4H,Base TV,365,441,3,33.3333,1.4761,-11.3208,3.9422,0.6519,9.849,LONG,NONE,2026-03-13T00:00:00+00:00
AUSDT,A,4H,Base TV,365,441,3,33.3333,1.4761,-11.3208,3.9422,0.6519,0.07788,SHORT,NONE,2026-03-13T00:00:00+00:00
ETHFIUSDT,ETHFI,4H,Base TV,365,441,3,33.3333,1.4761,-11.3208,3.9422,0.6519,0.5756,LONG,NONE,2026-03-13T00:00:00+00:00
ENSUSDT,ENS,4H,Base TV,365,441,3,33.3333,1.4761,-11.3208,3.9422,0.6519,6.125,SHORT,NONE,2026-03-13T00:00:00+00:00
ETHWUSDT,ETHW,4H,Base TV,365,441,3,33.3333,1.4761,-11.3208,3.9422,0.6519,0.2924,SHORT,NONE,2026-03-13T00:00:00+00:00
LDOUSDT,LDO,4H,Base TV,365,441,3,33.3333,1.4761,-11.3208,3.9422,0.6519,0.3043,SHORT,NONE,2026-03-13T00:00:00+00:00
WUSDT,W,4H,Base TV,365,441,3,33.3333,1.4761,-11.3208,3.9422,0.6519,0.01845,SHORT,NONE,2026-03-13T00:00:00+00:00
CELRUSDT,CELR,4H,Base TV,365,441,4,50.0,0.7342,-11.3208,-3.638,0.6485,0.00268,LONG,NONE,2026-03-13T00:00:00+00:00
ETCUSDT,ETC,4H,Base TV,365,441,5,60.0,0.4846,-11.3208,-6.2188,0.6421,8.387,SHORT,NONE,2026-03-13T00:00:00+00:00
SKLUSDT,SKL,4H,Base TV,365,441,3,33.3333,1.4343,-11.64,3.568,0.6161,0.00668,SHORT,NONE,2026-03-13T00:00:00+00:00
IOTAUSDT,IOTA,4H,Base TV,365,441,3,33.3333,1.2078,-11.3208,1.1681,0.5334,0.0641,SHORT,NONE,2026-03-13T00:00:00+00:00
NEIROCTOUSDT,NEIROCTO,4H,Base TV,365,441,3,33.3333,1.2078,-11.3208,1.1681,0.5334,7.45e-05,LONG,NONE,2026-03-13T00:00:00+00:00
RAYUSDT,RAY,4H,Base TV,365,441,3,33.3333,1.2078,-11.3208,1.1681,0.5334,0.6218,SHORT,NONE,2026-03-13T00:00:00+00:00
ORCAUSDT,ORCA,4H,Base TV,365,441,2,50.0,0.5557,-5.6604,-2.6927,0.4909,0.943,SHORT,NONE,2026-03-13T00:00:00+00:00
EIGENUSDT,EIGEN,4H,Base TV,365,441,3,33.3333,1.0587,-11.0004,-0.3338,0.4812,0.1906,SHORT,NONE,2026-03-13T00:00:00+00:00
ILVUSDT,ILV,4H,Base TV,365,441,2,50.0,0.4569,-4.1696,-2.344,0.4569,4.18,LONG,NONE,2026-03-13T00:00:00+00:00
ASTRUSDT,ASTR,4H,Base TV,365,441,4,50.0,0.5044,-11.3208,-6.0356,0.4456,0.00754,SHORT,NONE,2026-03-13T00:00:00+00:00
SKYUSDT,SKY,4H,Base TV,365,441,4,50.0,0.4897,-11.0004,-6.0051,0.4452,0.08246,LONG,NONE,2026-03-13T00:00:00+00:00
VELODROMEUSDT,VELODROME,4H,Base TV,365,441,4,25.0,1.087,-12.4522,-0.1227,0.4365,0.016613,SHORT,NONE,2026-03-13T00:00:00+00:00
GASUSDT,GAS,4H,Base TV,365,441,3,33.3333,0.5202,-6.0,-5.9416,0.4335,1.557,SHORT,NONE,2026-03-13T00:00:00+00:00
ENSOUSDT,ENSO,4H,Base TV,365,441,4,50.0,0.3366,-7.8059,-7.8059,0.4312,1.2716,SHORT,NONE,2026-03-13T00:00:00+00:00
GALAUSDT,GALA,4H,Base TV,365,441,3,33.3333,0.9612,-11.3208,-1.3817,0.4245,0.003395,SHORT,NONE,2026-03-13T00:00:00+00:00
ARKMUSDT,ARKM,4H,Base TV,365,441,3,33.3333,0.9222,-11.3208,-1.7849,0.4073,0.1125,LONG,NONE,2026-03-13T00:00:00+00:00
APTUSDT,APT,4H,Base TV,365,441,3,33.3333,0.4823,-6.141,-6.141,0.3927,0.9232,SHORT,NONE,2026-03-13T00:00:00+00:00
ONDOUSDT,ONDO,4H,Base TV,365,441,3,33.3333,0.8674,-11.3208,-2.3511,0.3831,0.2649,SHORT,NONE,2026-03-13T00:00:00+00:00
IMXUSDT,IMX,4H,Base TV,365,441,3,33.3333,0.8559,-11.3208,-2.4709,0.378,0.1687,LONG,NONE,2026-03-13T00:00:00+00:00
DOGSUSDT,DOGS,4H,Base TV,365,441,4,50.0,0.3992,-11.3208,-7.1461,0.3526,3.094e-05,LONG,NONE,2026-03-13T00:00:00+00:00
NOTUSDT,NOT,4H,Base TV,365,441,3,33.3333,0.7744,-11.3208,-3.313,0.342,0.0004175,LONG,NONE,2026-03-13T00:00:00+00:00
SAHARAUSDT,SAHARA,4H,Base TV,365,441,2,50.0,0.4066,-6.0,-3.7068,0.3388,0.02263,SHORT,NONE,2026-03-13T00:00:00+00:00
DOGEUSDT,DOGE,4H,Base TV,365,441,3,33.3333,0.7437,-11.3208,-3.6309,0.3285,0.0966,LONG,NONE,2026-03-13T00:00:00+00:00
AGLDUSDT,AGLD,4H,Base TV,365,441,2,50.0,0.3569,-5.6604,-3.7547,0.3153,0.2617,SHORT,NONE,2026-03-13T00:00:00+00:00
GPSUSDT,GPS,4H,Base TV,365,441,2,50.0,0.3569,-5.6604,-3.7547,0.3153,0.00856,SHORT,NONE,2026-03-13T00:00:00+00:00
OLUSDT,OL,4H,Base TV,365,441,2,50.0,0.3569,-5.6604,-3.7547,0.3153,0.01399,LONG,NONE,2026-03-13T00:00:00+00:00
SLPUSDT,SLP,4H,Base TV,365,441,2,50.0,0.3569,-5.6604,-3.7547,0.3153,0.0006068,LONG,NONE,2026-03-13T00:00:00+00:00
VELVETUSDT,VELVET,4H,Base TV,365,441,2,50.0,0.3569,-5.6604,-3.7547,0.3153,0.07713,SHORT,NONE,2026-03-13T00:00:00+00:00
WOOUSDT,WOO,4H,Base TV,365,441,2,50.0,0.3569,-5.6604,-3.7547,0.3153,0.01841,LONG,NONE,2026-03-13T00:00:00+00:00
BIOUSDT,BIO,4H,Base TV,365,441,4,50.0,0.3465,-11.3208,-7.7018,0.3061,0.02128,SHORT,NONE,2026-03-13T00:00:00+00:00
2ZUSDT,2Z,4H,Base TV,365,441,2,50.0,0.3366,-5.6604,-3.8632,0.2973,0.08081,LONG,NONE,2026-03-13T00:00:00+00:00
BUSDT,B,4H,Base TV,365,441,2,50.0,0.3366,-5.6604,-3.8632,0.2973,0.1801,SHORT,NONE,2026-03-13T00:00:00+00:00
COTIUSDT,COTI,4H,Base TV,365,441,2,50.0,0.3366,-5.6604,-3.8632,0.2973,0.01247,SHORT,NONE,2026-03-13T00:00:00+00:00
MYXUSDT,MYX,4H,Base TV,365,441,2,50.0,0.3366,-5.6604,-3.8632,0.2973,0.3151,SHORT,NONE,2026-03-13T00:00:00+00:00
RAVEUSDT,RAVE,4H,Base TV,365,430,4,50.0,0.3366,-11.3208,-7.8059,0.2973,0.2514,SHORT,NONE,2026-03-13T00:00:00+00:00
RECALLUSDT,RECALL,4H,Base TV,365,441,2,50.0,0.3366,-5.6604,-3.8632,0.2973,0.0484,LONG,NONE,2026-03-13T00:00:00+00:00
SANDUSDT,SAND,4H,Base TV,365,441,2,50.0,0.3366,-5.6604,-3.8632,0.2973,0.08382,SHORT,NONE,2026-03-13T00:00:00+00:00
SCRTUSDT,SCRT,4H,Base TV,365,441,2,50.0,0.3366,-5.6604,-3.8632,0.2973,0.08,LONG,NONE,2026-03-13T00:00:00+00:00
SOLUSDT,SOL,4H,Base TV,365,441,2,50.0,0.3366,-5.6604,-3.8632,0.2973,90.025,LONG,NONE,2026-03-13T00:00:00+00:00
BARDUSDT,BARD,4H,Base TV,365,441,2,50.0,0.3367,-6.0,-4.1012,0.2806,1.1224,SHORT,NONE,2026-03-13T00:00:00+00:00
VELOUSDT,VELO,4H,Base TV,365,441,2,50.0,0.3175,-6.0,-4.2093,0.2646,0.003611,LONG,NONE,2026-03-13T00:00:00+00:00
RVNUSDT,RVN,4H,Base TV,365,441,6,33.3333,0.4245,-16.5897,-13.3915,0.2559,0.005475,SHORT,NONE,2026-03-13T00:00:00+00:00
AXSUSDT,AXS,4H,Base TV,365,441,3,33.3333,0.5643,-11.3208,-5.4862,0.2492,1.15,SHORT,NONE,2026-03-13T00:00:00+00:00
HBARUSDT,HBAR,4H,Base TV,365,441,3,33.3333,0.5524,-11.3208,-5.6089,0.244,0.09616,SHORT,NONE,2026-03-13T00:00:00+00:00
MEWUSDT,MEW,4H,Base TV,365,441,7,28.5714,0.5492,-24.5851,-13.9642,0.2234,0.0006332,LONG,NONE,2026-03-13T00:00:00+00:00
CTSIUSDT,CTSI,4H,Base TV,365,441,3,33.3333,0.5167,-11.64,-6.1612,0.2219,0.0253,LONG,NONE,2026-03-13T00:00:00+00:00
ARCUSDT,ARC,4H,Base TV,365,441,3,33.3333,0.4823,-11.0004,-6.141,0.2192,0.04604,LONG,NONE,2026-03-13T00:00:00+00:00
MAGMAUSDT,MAGMA,4H,Base TV,365,344,3,33.3333,0.4823,-11.0004,-6.141,0.2192,0.09955,LONG,NONE,2026-03-13T00:00:00+00:00
KSMUSDT,KSM,4H,Base TV,365,441,6,33.3333,0.3075,-15.2217,-12.1764,0.202,4.567,SHORT,NONE,2026-03-13T00:00:00+00:00
RDNTUSDT,RDNT,4H,Base TV,365,441,3,33.3333,0.4321,-11.3208,-6.8528,0.1908,0.005668,LONG,NONE,2026-03-13T00:00:00+00:00
AXLUSDT,AXL,4H,Base TV,365,441,5,40.0,0.2266,-13.0245,-13.0245,0.174,0.05595,SHORT,NONE,2026-03-13T00:00:00+00:00
RSRUSDT,RSR,4H,Base TV,365,441,5,40.0,0.2333,-14.6504,-12.9263,0.1592,0.001694,LONG,NONE,2026-03-13T00:00:00+00:00
ANKRUSDT,ANKR,4H,Base TV,365,441,4,25.0,0.3435,-11.5851,-11.5851,0.1483,0.004408,LONG,NONE,2026-03-13T00:00:00+00:00
SUIUSDT,SUI,4H,Base TV,365,441,3,33.3333,0.3292,-11.3208,-7.9163,0.1454,1.0089,LONG,NONE,2026-03-13T00:00:00+00:00
XLMUSDT,XLM,4H,Base TV,365,441,4,25.0,0.4159,-16.3403,-10.3134,0.1273,0.16246,LONG,NONE,2026-03-13T00:00:00+00:00
CKBUSDT,CKB,4H,Base TV,365,441,3,33.3333,0.2483,-11.3208,-8.7537,0.1097,0.001564,LONG,NONE,2026-03-13T00:00:00+00:00
CRVUSDT,CRV,4H,Base TV,365,441,3,33.3333,0.2432,-11.3208,-8.8065,0.1074,0.2393,LONG,NONE,2026-03-13T00:00:00+00:00
ORDERUSDT,ORDER,4H,Base TV,365,441,5,20.0,0.4403,-21.3599,-13.2853,0.1031,0.05413,SHORT,NONE,2026-03-13T00:00:00+00:00
ONGUSDT,ONG,4H,Base TV,365,441,3,33.3333,0.1791,-9.16,-9.16,0.0978,0.06103,LONG,NONE,2026-03-13T00:00:00+00:00
PIXELUSDT,PIXEL,4H,Base TV,365,441,3,33.3333,0.1683,-9.3049,-9.3049,0.0904,0.010815,LONG,NONE,2026-03-13T00:00:00+00:00
TIAUSDT,TIA,4H,Base TV,365,441,3,33.3333,0.1683,-9.3049,-9.3049,0.0904,0.3454,SHORT,NONE,2026-03-13T00:00:00+00:00
IOUSDT,IO,4H,Base TV,365,441,4,25.0,0.2811,-16.0381,-12.0308,0.0876,0.1161,LONG,NONE,2026-03-13T00:00:00+00:00
XAIUSDT,XAI,4H,Base TV,365,441,3,33.3333,0.178,-11.0281,-9.2309,0.0807,0.01187,LONG,NONE,2026-03-13T00:00:00+00:00
BLURUSDT,BLUR,4H,Base TV,365,441,3,33.3333,0.1732,-11.3208,-9.5294,0.0765,0.01927,SHORT,NONE,2026-03-13T00:00:00+00:00
CVXUSDT,CVX,4H,Base TV,365,441,3,33.3333,0.1732,-11.3208,-9.5294,0.0765,2.055,SHORT,NONE,2026-03-13T00:00:00+00:00
SPXUSDT,SPX,4H,Base TV,365,441,3,33.3333,0.1732,-11.3208,-9.5294,0.0765,0.3222,SHORT,NONE,2026-03-13T00:00:00+00:00
UBUSDT,UB,4H,Base TV,365,441,3,33.3333,0.1732,-11.3208,-9.5294,0.0765,0.03199,SHORT,NONE,2026-03-13T00:00:00+00:00
GRTUSDT,GRT,4H,Base TV,365,441,5,20.0,0.3115,-21.3599,-15.6478,0.0729,0.0285,LONG,NONE,2026-03-13T00:00:00+00:00
BIGTIMEUSDT,BIGTIME,4H,Base TV,365,441,3,33.3333,0.1634,-11.3208,-9.6314,0.0722,0.01372,LONG,NONE,2026-03-13T00:00:00+00:00
INITUSDT,INIT,4H,Base TV,365,441,3,33.3333,0.1634,-11.3208,-9.6314,0.0722,0.0894,LONG,NONE,2026-03-13T00:00:00+00:00
POWRUSDT,POWR,4H,Base TV,365,441,3,33.3333,0.1634,-11.3208,-9.6314,0.0722,0.06371,LONG,NONE,2026-03-13T00:00:00+00:00
XRPUSDT,XRP,4H,Base TV,365,441,4,25.0,0.1436,-11.7055,-11.7055,0.0613,1.4114,LONG,NONE,2026-03-13T00:00:00+00:00
BSVUSDT,BSV,4H,Base TV,365,441,4,25.0,0.1261,-14.3801,-12.749,0.0438,14.9,LONG,NONE,2026-03-13T00:00:00+00:00
ARPAUSDT,ARPA,4H,Base TV,365,441,4,25.0,0.119,-14.342,-14.342,0.0415,0.01007,LONG,NONE,2026-03-13T00:00:00+00:00
AVAUSDT,AVA,4H,Base TV,365,441,4,25.0,0.11,-16.3403,-14.7466,0.0337,0.2034,LONG,NONE,2026-03-13T00:00:00+00:00
LAUSDT,LA,4H,Base TV,365,441,4,25.0,0.11,-16.3403,-14.7466,0.0337,0.2313,LONG,NONE,2026-03-13T00:00:00+00:00
PEOPLEUSDT,PEOPLE,4H,Base TV,365,441,4,25.0,0.11,-16.3403,-14.7466,0.0337,0.0075,LONG,NONE,2026-03-13T00:00:00+00:00
NEOUSDT,NEO,4H,Base TV,365,441,4,25.0,0.1079,-16.6415,-15.0535,0.0324,2.628,LONG,NONE,2026-03-13T00:00:00+00:00
ZRXUSDT,ZRX,4H,Base TV,365,441,4,25.0,0.0651,-15.6837,-15.6837,0.0208,0.1066,LONG,NONE,2026-03-13T00:00:00+00:00
RONUSDT,RON,4H,Base TV,365,441,5,20.0,0.0829,-21.0758,-19.5723,0.0197,0.1008,LONG,NONE,2026-03-13T00:00:00+00:00
RUNEUSDT,RUNE,4H,Base TV,365,441,3,33.3333,0.0358,-10.6395,-10.6395,0.0168,0.442,SHORT,NONE,2026-03-13T00:00:00+00:00
LINKUSDT,LINK,4H,Base TV,365,441,3,33.3333,0.0329,-11.3208,-10.9809,0.0145,9.282,SHORT,NONE,2026-03-13T00:00:00+00:00
1INCHUSDT,1INCH,4H,Base TV,365,441,2,0.0,0.0,-11.3208,-11.3208,0.0,0.0975,SHORT,NONE,2026-03-13T00:00:00+00:00
AAVEUSDT,AAVE,4H,Base TV,365,441,0,0.0,inf,0.0,0.0,0.0,114.06,SHORT,NONE,2026-03-13T00:00:00+00:00
4USDT,4,4H,Base TV,365,441,1,0.0,0.0,-6.0,-6.0,0.0,0.00822,SHORT,NONE,2026-03-13T00:00:00+00:00
1000SATSUSDT,1000SATS,4H,Base TV,365,441,4,0.0,0.0,-21.643,-21.643,0.0,1.265e-05,LONG,NONE,2026-03-13T00:00:00+00:00
1000000MOGUSDT,1000000MOG,4H,Base TV,365,441,3,0.0,0.0,-15.2982,-15.2982,0.0,0.1629,SHORT,NONE,2026-03-13T00:00:00+00:00
ACHUSDT,ACH,4H,Base TV,365,441,0,0.0,inf,0.0,0.0,0.0,0.00685,LONG,NONE,2026-03-13T00:00:00+00:00
ACUUSDT,ACU,4H,Base TV,365,205,0,0.0,inf,0.0,0.0,0.0,0.09373,LONG,NONE,2026-03-13T00:00:00+00:00
ACTUSDT,ACT,4H,Base TV,365,441,0,0.0,inf,0.0,0.0,0.0,0.01394,LONG,NONE,2026-03-13T00:00:00+00:00
AIUSDT,AI,4H,Base TV,365,441,1,0.0,0.0,-5.6604,-5.6604,0.0,0.02281,LONG,NONE,2026-03-13T00:00:00+00:00
AEVOUSDT,AEVO,4H,Base TV,365,441,1,0.0,0.0,-1.3941,-1.3941,0.0,0.02597,LONG,NONE,2026-03-13T00:00:00+00:00
ALCHUSDT,ALCH,4H,Base TV,365,441,0,0.0,inf,0.0,0.0,0.0,0.07579,SHORT,NONE,2026-03-13T00:00:00+00:00
ALTUSDT,ALT,4H,Base TV,365,441,0,0.0,inf,0.0,0.0,0.0,0.00755,LONG,NONE,2026-03-13T00:00:00+00:00
ALLOUSDT,ALLO,4H,Base TV,365,441,1,0.0,0.0,-5.6604,-5.6604,0.0,0.1273,LONG,NONE,2026-03-13T00:00:00+00:00
ANIMEUSDT,ANIME,4H,Base TV,365,441,0,0.0,inf,0.0,0.0,0.0,0.004829,LONG,NONE,2026-03-13T00:00:00+00:00
ARBUSDT,ARB,4H,Base TV,365,441,1,0.0,0.0,-6.0,-6.0,0.0,0.1021,SHORT,NONE,2026-03-13T00:00:00+00:00
ARIAUSDT,ARIA,4H,Base TV,365,441,0,0.0,inf,0.0,0.0,0.0,0.13529,LONG,NONE,2026-03-13T00:00:00+00:00
ALICEUSDT,ALICE,4H,Base TV,365,441,0,0.0,inf,0.0,0.0,0.0,0.1206,SHORT,NONE,2026-03-13T00:00:00+00:00
ASRUSDT,ASR,4H,Base TV,365,441,0,0.0,inf,0.0,0.0,0.0,1.322,LONG,NONE,2026-03-13T00:00:00+00:00
ARKUSDT,ARK,4H,Base TV,365,441,0,0.0,inf,0.0,0.0,0.0,0.1795,LONG,NONE,2026-03-13T00:00:00+00:00
ATUSDT,AT,4H,Base TV,365,441,0,0.0,inf,0.0,0.0,0.0,0.1435,SHORT,NONE,2026-03-13T00:00:00+00:00
AWEUSDT,AWE,4H,Base TV,365,441,1,0.0,0.0,-5.6604,-5.6604,0.0,0.05286,LONG,NONE,2026-03-13T00:00:00+00:00
AUCTIONUSDT,AUCTION,4H,Base TV,365,441,0,0.0,inf,0.0,0.0,0.0,4.754,SHORT,NONE,2026-03-13T00:00:00+00:00
AVNTUSDT,AVNT,4H,Base TV,365,441,0,0.0,inf,0.0,0.0,0.0,0.1678,LONG,NONE,2026-03-13T00:00:00+00:00
B2USDT,B2,4H,Base TV,365,441,0,0.0,inf,0.0,0.0,0.0,0.6871,SHORT,NONE,2026-03-13T00:00:00+00:00
BABYUSDT,BABY,4H,Base TV,365,441,0,0.0,inf,0.0,0.0,0.0,0.01457,LONG,NONE,2026-03-13T00:00:00+00:00
BANANAUSDT,BANANA,4H,Base TV,365,441,2,0.0,0.0,-11.3208,-11.3208,0.0,4.338,SHORT,NONE,2026-03-13T00:00:00+00:00
BANDUSDT,BAND,4H,Base TV,365,441,2,0.0,0.0,-11.3208,-11.3208,0.0,0.2368,LONG,NONE,2026-03-13T00:00:00+00:00
BANKUSDT,BANK,4H,Base TV,365,441,0,0.0,inf,0.0,0.0,0.0,0.03815,LONG,NONE,2026-03-13T00:00:00+00:00
BANUSDT,BAN,4H,Base TV,365,441,0,0.0,inf,0.0,0.0,0.0,0.11348,SHORT,NONE,2026-03-13T00:00:00+00:00
BBUSDT,BB,4H,Base TV,365,441,1,0.0,0.0,-5.6604,-5.6604,0.0,0.02822,LONG,NONE,2026-03-13T00:00:00+00:00
BATUSDT,BAT,4H,Base TV,365,441,1,0.0,0.0,-6.0,-6.0,0.0,0.0982,SHORT,NONE,2026-03-13T00:00:00+00:00
BCHUSDT,BCH,4H,Base TV,365,441,1,0.0,0.0,-5.8823,-5.8823,0.0,465.71,LONG,NONE,2026-03-13T00:00:00+00:00
BEATUSDT,BEAT,4H,Base TV,365,441,0,0.0,inf,0.0,0.0,0.0,0.41111,LONG,NONE,2026-03-13T00:00:00+00:00
BELUSDT,BEL,4H,Base TV,365,441,1,0.0,0.0,-5.6604,-5.6604,0.0,0.1027,LONG,NONE,2026-03-13T00:00:00+00:00
BGBUSDT,BGB,4H,Base TV,365,441,0,0.0,inf,0.0,0.0,0.0,2.1594,LONG,NONE,2026-03-13T00:00:00+00:00
BERAUSDT,BERA,4H,Base TV,365,441,0,0.0,inf,0.0,0.0,0.0,0.5985,LONG,NONE,2026-03-13T00:00:00+00:00
BICOUSDT,BICO,4H,Base TV,365,441,2,0.0,0.0,-8.8154,-8.8154,0.0,0.0227,LONG,NONE,2026-03-13T00:00:00+00:00
BIRBUSDT,BIRB,4H,Base TV,365,159,0,0.0,inf,0.0,0.0,0.0,0.15179,SHORT,NONE,2026-03-13T00:00:00+00:00
BMTUSDT,BMT,4H,Base TV,365,441,1,0.0,0.0,-6.0,-6.0,0.0,0.01596,LONG,NONE,2026-03-13T00:00:00+00:00
BLESSUSDT,BLESS,4H,Base TV,365,441,1,0.0,0.0,-5.6604,-5.6604,0.0,0.004793,LONG,NONE,2026-03-13T00:00:00+00:00
BNTUSDT,BNT,4H,Base TV,365,441,2,0.0,0.0,-11.3208,-11.3208,0.0,0.298,SHORT,NONE,2026-03-13T00:00:00+00:00
BOBUSDT,BOB,4H,Base TV,365,441,1,0.0,0.0,-5.6604,-5.6604,0.0,0.006536,LONG,NONE,2026-03-13T00:00:00+00:00
BRETTUSDT,BRETT,4H,Base TV,365,441,2,0.0,0.0,-11.3208,-11.3208,0.0,0.00765,SHORT,NONE,2026-03-13T00:00:00+00:00
BREVUSDT,BREV,4H,Base TV,365,295,0,0.0,inf,0.0,0.0,0.0,0.1322,SHORT,NONE,2026-03-13T00:00:00+00:00
BROCCOLIUSDT,BROCCOLI,4H,Base TV,365,441,1,0.0,0.0,-5.6604,-5.6604,0.0,0.0141,LONG,NONE,2026-03-13T00:00:00+00:00
C98USDT,C98,4H,Base TV,365,441,0,0.0,inf,0.0,0.0,0.0,0.0277,LONG,NONE,2026-03-13T00:00:00+00:00
CATIUSDT,CATI,4H,Base TV,365,441,0,0.0,inf,0.0,0.0,0.0,0.04405,LONG,NONE,2026-03-13T00:00:00+00:00
CFXUSDT,CFX,4H,Base TV,365,441,2,0.0,0.0,-11.3208,-11.3208,0.0,0.05431,LONG,NONE,2026-03-13T00:00:00+00:00
CGPTUSDT,CGPT,4H,Base TV,365,441,1,0.0,0.0,-6.0,-6.0,0.0,0.02189,SHORT,NONE,2026-03-13T00:00:00+00:00
CARVUSDT,CARV,4H,Base TV,365,441,1,0.0,0.0,-6.0,-6.0,0.0,0.05759,SHORT,NONE,2026-03-13T00:00:00+00:00
CHRUSDT,CHR,4H,Base TV,365,441,0,0.0,inf,0.0,0.0,0.0,0.01677,LONG,NONE,2026-03-13T00:00:00+00:00
COAIUSDT,COAI,4H,Base TV,365,441,0,0.0,inf,0.0,0.0,0.0,0.3208,SHORT,NONE,2026-03-13T00:00:00+00:00
CLOUSDT,CLO,4H,Base TV,365,441,0,0.0,inf,0.0,0.0,0.0,0.0716,SHORT,NONE,2026-03-13T00:00:00+00:00
COREUSDT,CORE,4H,Base TV,365,441,2,0.0,0.0,-11.3208,-11.3208,0.0,0.08134,SHORT,NONE,2026-03-13T00:00:00+00:00
COWUSDT,COW,4H,Base TV,365,441,2,0.0,0.0,-11.3208,-11.3208,0.0,0.2397,SHORT,NONE,2026-03-13T00:00:00+00:00
CROSSUSDT,CROSS,4H,Base TV,365,441,1,0.0,0.0,-6.0,-6.0,0.0,0.0725,SHORT,NONE,2026-03-13T00:00:00+00:00
CROUSDT,CRO,4H,Base TV,365,441,2,0.0,0.0,-6.1389,-6.1389,0.0,0.07627,SHORT,NONE,2026-03-13T00:00:00+00:00
CUSDT,C,4H,Base TV,365,441,0,0.0,inf,0.0,0.0,0.0,0.05274,LONG,NONE,2026-03-13T00:00:00+00:00
CTKUSDT,CTK,4H,Base TV,365,441,1,0.0,0.0,-5.6604,-5.6604,0.0,0.1732,LONG,NONE,2026-03-13T00:00:00+00:00
CYBERUSDT,CYBER,4H,Base TV,365,441,1,0.0,0.0,-5.6604,-5.6604,0.0,0.5434,SHORT,NONE,2026-03-13T00:00:00+00:00
CVCUSDT,CVC,4H,Base TV,365,441,1,0.0,0.0,-6.0,-6.0,0.0,0.03043,LONG,NONE,2026-03-13T00:00:00+00:00
CYSUSDT,CYS,4H,Base TV,365,441,1,0.0,0.0,-6.0,-6.0,0.0,0.43395,SHORT,NONE,2026-03-13T00:00:00+00:00
DEEPUSDT,DEEP,4H,Base TV,365,441,0,0.0,inf,0.0,0.0,0.0,0.03449,LONG,NONE,2026-03-13T00:00:00+00:00
DEXEUSDT,DEXE,4H,Base TV,365,441,1,0.0,0.0,-5.6604,-5.6604,0.0,4.206,SHORT,NONE,2026-03-13T00:00:00+00:00
DASHUSDT,DASH,4H,Base TV,365,441,2,0.0,0.0,-11.3208,-11.3208,0.0,33.25,SHORT,NONE,2026-03-13T00:00:00+00:00
DENTUSDT,DENT,4H,Base TV,365,441,0,0.0,inf,0.0,0.0,0.0,0.0002291,LONG,NONE,2026-03-13T00:00:00+00:00
DOODUSDT,DOOD,4H,Base TV,365,441,0,0.0,inf,0.0,0.0,0.0,0.003051,LONG,NONE,2026-03-13T00:00:00+00:00
DYDXUSDT,DYDX,4H,Base TV,365,441,3,0.0,0.0,-16.3403,-16.3403,0.0,0.0898,LONG,NONE,2026-03-13T00:00:00+00:00
EDENUSDT,EDEN,4H,Base TV,365,441,1,0.0,0.0,-5.6604,-5.6604,0.0,0.03833,LONG,NONE,2026-03-13T00:00:00+00:00
ELSAUSDT,ELSA,4H,Base TV,365,200,2,0.0,0.0,-8.7789,-8.7789,0.0,0.07472,SHORT,NONE,2026-03-13T00:00:00+00:00
ENJUSDT,ENJ,4H,Base TV,365,441,3,0.0,0.0,-16.3403,-16.3403,0.0,0.01845,LONG,NONE,2026-03-13T00:00:00+00:00
ERAUSDT,ERA,4H,Base TV,365,441,1,0.0,0.0,-5.6604,-5.6604,0.0,0.1386,SHORT,NONE,2026-03-13T00:00:00+00:00
ESPORTSUSDT,ESPORTS,4H,Base TV,365,441,0,0.0,inf,0.0,0.0,0.0,0.30156,SHORT,NONE,2026-03-13T00:00:00+00:00
EPICUSDT,EPIC,4H,Base TV,365,441,0,0.0,inf,0.0,0.0,0.0,0.2592,SHORT,NONE,2026-03-13T00:00:00+00:00
FETUSDT,FET,4H,Base TV,365,441,2,0.0,0.0,-11.3208,-11.3208,0.0,0.1854,LONG,NONE,2026-03-13T00:00:00+00:00
FIDAUSDT,FIDA,4H,Base TV,365,441,0,0.0,inf,0.0,0.0,0.0,0.01587,SHORT,NONE,2026-03-13T00:00:00+00:00
FIGHTUSDT,FIGHT,4H,Base TV,365,193,0,0.0,inf,0.0,0.0,0.0,0.003999,SHORT,NONE,2026-03-13T00:00:00+00:00
FILUSDT,FIL,4H,Base TV,365,441,3,0.0,0.0,-16.6415,-16.6415,0.0,0.8867,SHORT,NONE,2026-03-13T00:00:00+00:00
FOGOUSDT,FOGO,4H,Base TV,365,241,0,0.0,inf,0.0,0.0,0.0,0.0236,SHORT,NONE,2026-03-13T00:00:00+00:00
FLOCKUSDT,FLOCK,4H,Base TV,365,441,0,0.0,inf,0.0,0.0,0.0,0.05589,SHORT,NONE,2026-03-13T00:00:00+00:00
FLOKIUSDT,FLOKI,4H,Base TV,365,441,2,0.0,0.0,-11.3208,-11.3208,0.0,3.049e-05,LONG,NONE,2026-03-13T00:00:00+00:00
FOLKSUSDT,FOLKS,4H,Base TV,365,441,0,0.0,inf,0.0,0.0,0.0,1.2899,SHORT,NONE,2026-03-13T00:00:00+00:00
FRAXUSDT,FRAX,4H,Base TV,365,242,0,0.0,inf,0.0,0.0,0.0,0.6301,LONG,NONE,2026-03-13T00:00:00+00:00
FUNTOKENUSDT,FUNTOKEN,4H,Base TV,365,241,0,0.0,inf,0.0,0.0,0.0,0.001378,LONG,NONE,2026-03-13T00:00:00+00:00
FUNUSDT,FUN,4H,Base TV,365,235,1,0.0,0.0,-5.6604,-5.6604,0.0,0.03948,SHORT,NONE,2026-03-13T00:00:00+00:00
FUSDT,F,4H,Base TV,365,441,0,0.0,inf,0.0,0.0,0.0,0.005964,LONG,NONE,2026-03-13T00:00:00+00:00
FORTHUSDT,FORTH,4H,Base TV,365,441,1,0.0,0.0,-6.0,-6.0,0.0,0.9134,SHORT,NONE,2026-03-13T00:00:00+00:00
GOATUSDT,GOAT,4H,Base TV,365,441,0,0.0,inf,0.0,0.0,0.0,0.01934,LONG,NONE,2026-03-13T00:00:00+00:00
GMTUSDT,GMT,4H,Base TV,365,441,3,0.0,0.0,-16.6415,-16.6415,0.0,0.01119,SHORT,NONE,2026-03-13T00:00:00+00:00
GIGGLEUSDT,GIGGLE,4H,Base TV,365,441,2,0.0,0.0,-11.3208,-11.3208,0.0,28.82,SHORT,NONE,2026-03-13T00:00:00+00:00
GWEIUSDT,GWEI,4H,Base TV,365,159,0,0.0,inf,0.0,0.0,0.0,0.0526,LONG,NONE,2026-03-13T00:00:00+00:00
GRIFFAINUSDT,GRIFFAIN,4H,Base TV,365,441,1,0.0,0.0,-6.0,-6.0,0.0,0.01,LONG,NONE,2026-03-13T00:00:00+00:00
HAEDALUSDT,HAEDAL,4H,Base TV,365,441,0,0.0,inf,0.0,0.0,0.0,0.02694,LONG,NONE,2026-03-13T00:00:00+00:00
HEIUSDT,HEI,4H,Base TV,365,441,2,0.0,0.0,-11.3208,-11.3208,0.0,0.0801,LONG,NONE,2026-03-13T00:00:00+00:00
HIVEUSDT,HIVE,4H,Base TV,365,441,0,0.0,inf,0.0,0.0,0.0,0.06351,SHORT,NONE,2026-03-13T00:00:00+00:00
HNTUSDT,HNT,4H,Base TV,365,441,1,0.0,0.0,-6.0,-6.0,0.0,1.166,LONG,NONE,2026-03-13T00:00:00+00:00
HUSDT,H,4H,Base TV,365,441,0,0.0,inf,0.0,0.0,0.0,0.13524,SHORT,NONE,2026-03-13T00:00:00+00:00
HYPERUSDT,HYPER,4H,Base TV,365,441,0,0.0,inf,0.0,0.0,0.0,0.0921,LONG,NONE,2026-03-13T00:00:00+00:00
HYPEUSDT,HYPE,4H,Base TV,365,441,0,0.0,inf,0.0,0.0,0.0,37.514,LONG,NONE,2026-03-13T00:00:00+00:00
HUMAUSDT,HUMA,4H,Base TV,365,441,0,0.0,inf,0.0,0.0,0.0,0.01582,LONG,NONE,2026-03-13T00:00:00+00:00
ICXUSDT,ICX,4H,Base TV,365,441,2,0.0,0.0,-11.3208,-11.3208,0.0,0.03716,LONG,NONE,2026-03-13T00:00:00+00:00
IDOLUSDT,IDOL,4H,Base TV,365,441,2,0.0,0.0,-11.64,-11.64,0.0,0.0237,LONG,NONE,2026-03-13T00:00:00+00:00
IDUSDT,ID,4H,Base TV,365,441,2,0.0,0.0,-5.7409,-5.7409,0.0,0.04204,SHORT,NONE,2026-03-13T00:00:00+00:00
INUSDT,IN,4H,Base TV,365,441,2,0.0,0.0,-11.0004,-11.0004,0.0,0.06802,LONG,NONE,2026-03-13T00:00:00+00:00
IOSTUSDT,IOST,4H,Base TV,365,441,2,0.0,0.0,-11.3208,-11.3208,0.0,0.001146,LONG,NONE,2026-03-13T00:00:00+00:00
IRUSDT,IR,4H,Base TV,365,391,0,0.0,inf,0.0,0.0,0.0,0.04299,SHORT,NONE,2026-03-13T00:00:00+00:00
IPUSDT,IP,4H,Base TV,365,441,1,0.0,0.0,-5.6604,-5.6604,0.0,0.7937,SHORT,NONE,2026-03-13T00:00:00+00:00
JCTUSDT,JCT,4H,Base TV,365,441,1,0.0,0.0,-5.6604,-5.6604,0.0,0.001751,LONG,NONE,2026-03-13T00:00:00+00:00
JASMYUSDT,JASMY,4H,Base TV,365,441,1,0.0,0.0,-5.6604,-5.6604,0.0,0.005855,LONG,NONE,2026-03-13T00:00:00+00:00
KAVAUSDT,KAVA,4H,Base TV,365,441,0,0.0,inf,0.0,0.0,0.0,0.06081,SHORT,NONE,2026-03-13T00:00:00+00:00
KASUSDT,KAS,4H,Base TV,365,441,1,0.0,0.0,-5.6604,-5.6604,0.0,0.03078,SHORT,NONE,2026-03-13T00:00:00+00:00
KGENUSDT,KGEN,4H,Base TV,365,441,0,0.0,inf,0.0,0.0,0.0,0.19507,SHORT,NONE,2026-03-13T00:00:00+00:00
KNCUSDT,KNC,4H,Base TV,365,441,1,0.0,0.0,-0.7948,-0.7948,0.0,0.1355,SHORT,NONE,2026-03-13T00:00:00+00:00
LABUSDT,LAB,4H,Base TV,365,441,0,0.0,inf,0.0,0.0,0.0,0.15822,SHORT,NONE,2026-03-13T00:00:00+00:00
LAYERUSDT,LAYER,4H,Base TV,365,441,0,0.0,inf,0.0,0.0,0.0,0.0841,SHORT,NONE,2026-03-13T00:00:00+00:00
LIGHTUSDT,LIGHT,4H,Base TV,365,441,1,0.0,0.0,-5.6604,-5.6604,0.0,0.1794,SHORT,NONE,2026-03-13T00:00:00+00:00
LINEAUSDT,LINEA,4H,Base TV,365,441,0,0.0,inf,0.0,0.0,0.0,0.003374,SHORT,NONE,2026-03-13T00:00:00+00:00
LISTAUSDT,LISTA,4H,Base TV,365,441,0,0.0,inf,0.0,0.0,0.0,0.0897,LONG,NONE,2026-03-13T00:00:00+00:00
LRCUSDT,LRC,4H,Base TV,365,441,1,0.0,0.0,-5.6604,-5.6604,0.0,0.03127,LONG,NONE,2026-03-13T00:00:00+00:00
LPTUSDT,LPT,4H,Base TV,365,441,2,0.0,0.0,-11.3208,-11.3208,0.0,2.268,SHORT,NONE,2026-03-13T00:00:00+00:00
LSKUSDT,LSK,4H,Base TV,365,441,0,0.0,inf,0.0,0.0,0.0,0.1319,LONG,NONE,2026-03-13T00:00:00+00:00
LUMIAUSDT,LUMIA,4H,Base TV,365,441,0,0.0,inf,0.0,0.0,0.0,0.0654,LONG,NONE,2026-03-13T00:00:00+00:00
LTCUSDT,LTC,4H,Base TV,365,441,2,0.0,0.0,-11.3208,-11.3208,0.0,55.11,SHORT,NONE,2026-03-13T00:00:00+00:00
MAGICUSDT,MAGIC,4H,Base TV,365,441,3,0.0,0.0,-16.3403,-16.3403,0.0,0.06501,LONG,NONE,2026-03-13T00:00:00+00:00
LYNUSDT,LYN,4H,Base TV,365,441,1,0.0,0.0,-6.0,-6.0,0.0,0.30817,SHORT,NONE,2026-03-13T00:00:00+00:00
LUNAUSDT,LUNA,4H,Base TV,365,441,0,0.0,inf,0.0,0.0,0.0,0.0641,SHORT,NONE,2026-03-13T00:00:00+00:00
MANAUSDT,MANA,4H,Base TV,365,441,2,0.0,0.0,-11.3208,-11.3208,0.0,0.0929,SHORT,NONE,2026-03-13T00:00:00+00:00
MASKUSDT,MASK,4H,Base TV,365,441,2,0.0,0.0,-11.3208,-11.3208,0.0,0.4444,SHORT,NONE,2026-03-13T00:00:00+00:00
MANTAUSDT,MANTA,4H,Base TV,365,441,1,0.0,0.0,-5.6604,-5.6604,0.0,0.06922,LONG,NONE,2026-03-13T00:00:00+00:00
MAVUSDT,MAV,4H,Base TV,365,441,0,0.0,inf,0.0,0.0,0.0,0.01475,LONG,NONE,2026-03-13T00:00:00+00:00
MEGAUSDT,MEGA,4H,Base TV,365,151,0,0.0,inf,0.0,0.0,0.0,0.13726,SHORT,NONE,2026-03-13T00:00:00+00:00
MELANIAUSDT,MELANIA,4H,Base TV,365,441,0,0.0,inf,0.0,0.0,0.0,0.1115,LONG,NONE,2026-03-13T00:00:00+00:00
MERLUSDT,MERL,4H,Base TV,365,441,0,0.0,inf,0.0,0.0,0.0,0.03837,SHORT,NONE,2026-03-13T00:00:00+00:00
METISUSDT,METIS,4H,Base TV,365,441,0,0.0,inf,0.0,0.0,0.0,3.263,SHORT,NONE,2026-03-13T00:00:00+00:00
MLNUSDT,MLN,4H,Base TV,365,441,0,0.0,inf,0.0,0.0,0.0,3.883,LONG,NONE,2026-03-13T00:00:00+00:00
MINAUSDT,MINA,4H,Base TV,365,441,1,0.0,0.0,-5.6604,-5.6604,0.0,0.05655,SHORT,NONE,2026-03-13T00:00:00+00:00
MITOUSDT,MITO,4H,Base TV,365,441,0,0.0,inf,0.0,0.0,0.0,0.03927,LONG,NONE,2026-03-13T00:00:00+00:00
MONUSDT,MON,4H,Base TV,365,441,0,0.0,inf,0.0,0.0,0.0,0.02139,SHORT,NONE,2026-03-13T00:00:00+00:00
MOODENGUSDT,MOODENG,4H,Base TV,365,441,0,0.0,inf,0.0,0.0,0.0,0.05225,LONG,NONE,2026-03-13T00:00:00+00:00
MOVEUSDT,MOVE,4H,Base TV,365,441,1,0.0,0.0,-6.0,-6.0,0.0,0.02074,SHORT,NONE,2026-03-13T00:00:00+00:00
METUSDT,MET,4H,Base TV,365,441,0,0.0,inf,0.0,0.0,0.0,0.162,SHORT,NONE,2026-03-13T00:00:00+00:00
MTLUSDT,MTL,4H,Base TV,365,441,2,0.0,0.0,-6.0,-6.0,0.0,0.2793,LONG,LONG,2026-03-13T00:00:00+00:00
MUSDT,M,4H,Base TV,365,441,2,0.0,0.0,-11.64,-11.64,0.0,1.47007,SHORT,NONE,2026-03-13T00:00:00+00:00
MUBARAKUSDT,MUBARAK,4H,Base TV,365,441,0,0.0,inf,0.0,0.0,0.0,0.01575,LONG,NONE,2026-03-13T00:00:00+00:00
NEWTUSDT,NEWT,4H,Base TV,365,441,0,0.0,inf,0.0,0.0,0.0,0.0673,SHORT,NONE,2026-03-13T00:00:00+00:00
NXPCUSDT,NXPC,4H,Base TV,365,441,2,0.0,0.0,-5.1061,-5.1061,0.0,0.2819,LONG,NONE,2026-03-13T00:00:00+00:00
NIGHTUSDT,NIGHT,4H,Base TV,365,441,2,0.0,0.0,-11.3208,-11.3208,0.0,0.05168,SHORT,NONE,2026-03-13T00:00:00+00:00
NMRUSDT,NMR,4H,Base TV,365,441,0,0.0,inf,0.0,0.0,0.0,7.667,LONG,NONE,2026-03-13T00:00:00+00:00
NILUSDT,NIL,4H,Base TV,365,441,0,0.0,inf,0.0,0.0,0.0,0.04946,SHORT,NONE,2026-03-13T00:00:00+00:00
OPENUSDT,OPEN,4H,Base TV,365,441,0,0.0,inf,0.0,0.0,0.0,0.1534,LONG,NONE,2026-03-13T00:00:00+00:00
ONEUSDT,ONE,4H,Base TV,365,441,2,0.0,0.0,-11.3208,-11.3208,0.0,0.002413,LONG,NONE,2026-03-13T00:00:00+00:00
OPUSDT,OP,4H,Base TV,365,441,0,0.0,inf,0.0,0.0,0.0,0.1222,SHORT,NONE,2026-03-13T00:00:00+00:00
ORDIUSDT,ORDI,4H,Base TV,365,441,2,0.0,0.0,-11.3208,-11.3208,0.0,2.59,LONG,NONE,2026-03-13T00:00:00+00:00
PARTIUSDT,PARTI,4H,Base TV,365,441,0,0.0,inf,0.0,0.0,0.0,0.08004,SHORT,NONE,2026-03-13T00:00:00+00:00
PENDLEUSDT,PENDLE,4H,Base TV,365,441,0,0.0,inf,0.0,0.0,0.0,1.2833,LONG,NONE,2026-03-13T00:00:00+00:00
PHAUSDT,PHA,4H,Base TV,365,441,2,0.0,0.0,-11.0004,-11.0004,0.0,0.03093,SHORT,NONE,2026-03-13T00:00:00+00:00
PEPEUSDT,PEPE,4H,Base TV,365,441,0,0.0,inf,0.0,0.0,0.0,3.42e-06,SHORT,NONE,2026-03-13T00:00:00+00:00
PIEVERSEUSDT,PIEVERSE,4H,Base TV,365,441,0,0.0,inf,0.0,0.0,0.0,0.509,SHORT,NONE,2026-03-13T00:00:00+00:00
POPCATUSDT,POPCAT,4H,Base TV,365,441,2,0.0,0.0,-11.3208,-11.3208,0.0,0.05332,LONG,NONE,2026-03-13T00:00:00+00:00
PLUMEUSDT,PLUME,4H,Base TV,365,441,0,0.0,inf,0.0,0.0,0.0,0.01205,SHORT,NONE,2026-03-13T00:00:00+00:00
PNUTUSDT,PNUT,4H,Base TV,365,441,2,0.0,0.0,-11.3208,-11.3208,0.0,0.04736,SHORT,NONE,2026-03-13T00:00:00+00:00
POLYXUSDT,POLYX,4H,Base TV,365,441,2,0.0,0.0,-11.3208,-11.3208,0.0,0.04051,SHORT,NONE,2026-03-13T00:00:00+00:00
PUMPUSDT,PUMP,4H,Base TV,365,441,0,0.0,inf,0.0,0.0,0.0,0.002156,LONG,NONE,2026-03-13T00:00:00+00:00
PROMUSDT,PROM,4H,Base TV,365,441,1,0.0,0.0,-5.6604,-5.6604,0.0,1.1472,LONG,NONE,2026-03-13T00:00:00+00:00
PYRUSDT,PYR,4H,Base TV,365,441,0,0.0,inf,0.0,0.0,0.0,0.314,LONG,NONE,2026-03-13T00:00:00+00:00
QTUMUSDT,QTUM,4H,Base TV,365,441,3,0.0,0.0,-16.6415,-16.6415,0.0,0.893,SHORT,NONE,2026-03-13T00:00:00+00:00
RAREUSDT,RARE,4H,Base TV,365,441,0,0.0,inf,0.0,0.0,0.0,0.01635,SHORT,NONE,2026-03-13T00:00:00+00:00
REZUSDT,REZ,4H,Base TV,365,441,2,0.0,0.0,-11.3208,-11.3208,0.0,0.003345,LONG,NONE,2026-03-13T00:00:00+00:00
RENDERUSDT,RENDER,4H,Base TV,365,441,2,0.0,0.0,-11.3208,-11.3208,0.0,1.715,LONG,NONE,2026-03-13T00:00:00+00:00
PUNDIXUSDT,PUNDIX,4H,Base TV,365,441,1,0.0,0.0,-5.656,-5.656,0.0,0.152,SHORT,NONE,2026-03-13T00:00:00+00:00
SAFEUSDT,SAFE,4H,Base TV,365,441,1,0.0,0.0,-5.6604,-5.6604,0.0,0.1057,LONG,NONE,2026-03-13T00:00:00+00:00
SAGAUSDT,SAGA,4H,Base TV,365,441,0,0.0,inf,0.0,0.0,0.0,0.03388,LONG,NONE,2026-03-13T00:00:00+00:00
RPLUSDT,RPL,4H,Base TV,365,441,0,0.0,inf,0.0,0.0,0.0,1.976,SHORT,NONE,2026-03-13T00:00:00+00:00
SANTOSUSDT,SANTOS,4H,Base TV,365,441,3,0.0,0.0,-16.3403,-16.3403,0.0,1.304,SHORT,NONE,2026-03-13T00:00:00+00:00
SAPIENUSDT,SAPIEN,4H,Base TV,365,441,0,0.0,inf,0.0,0.0,0.0,0.0777,SHORT,NONE,2026-03-13T00:00:00+00:00
SEIUSDT,SEI,4H,Base TV,365,441,2,0.0,0.0,-11.3208,-11.3208,0.0,0.06584,SHORT,NONE,2026-03-13T00:00:00+00:00
SENTUSDT,SENT,4H,Base TV,365,199,0,0.0,inf,0.0,0.0,0.0,0.0216,LONG,NONE,2026-03-13T00:00:00+00:00
SHELLUSDT,SHELL,4H,Base TV,365,441,1,0.0,0.0,-6.0,-6.0,0.0,0.03052,LONG,NONE,2026-03-13T00:00:00+00:00
SKRUSDT,SKR,4H,Base TV,365,207,0,0.0,inf,0.0,0.0,0.0,0.023265,LONG,NONE,2026-03-13T00:00:00+00:00
SOMIUSDT,SOMI,4H,Base TV,365,441,1,0.0,0.0,-5.6604,-5.6604,0.0,0.1893,SHORT,NONE,2026-03-13T00:00:00+00:00
SOONUSDT,SOON,4H,Base TV,365,441,0,0.0,inf,0.0,0.0,0.0,0.1503,SHORT,NONE,2026-03-13T00:00:00+00:00
SPACEUSDT,SPACE,4H,Base TV,365,193,0,0.0,inf,0.0,0.0,0.0,0.007269,SHORT,NONE,2026-03-13T00:00:00+00:00
SOPHUSDT,SOPH,4H,Base TV,365,441,2,0.0,0.0,-11.64,-11.64,0.0,0.00867,SHORT,NONE,2026-03-13T00:00:00+00:00
SPELLUSDT,SPELL,4H,Base TV,365,441,0,0.0,inf,0.0,0.0,0.0,0.000176,SHORT,NONE,2026-03-13T00:00:00+00:00
SONICUSDT,SONIC,4H,Base TV,365,441,1,0.0,0.0,-5.6604,-5.6604,0.0,0.04368,SHORT,NONE,2026-03-13T00:00:00+00:00
SSVUSDT,SSV,4H,Base TV,365,441,3,0.0,0.0,-16.6415,-16.6415,0.0,2.757,SHORT,NONE,2026-03-13T00:00:00+00:00
SPKUSDT,SPK,4H,Base TV,365,441,0,0.0,inf,0.0,0.0,0.0,0.02306,LONG,NONE,2026-03-13T00:00:00+00:00
SQDUSDT,SQD,4H,Base TV,365,441,0,0.0,inf,0.0,0.0,0.0,0.0371,SHORT,NONE,2026-03-13T00:00:00+00:00
STORJUSDT,STORJ,4H,Base TV,365,441,0,0.0,inf,0.0,0.0,0.0,0.0962,LONG,NONE,2026-03-13T00:00:00+00:00
STRKUSDT,STRK,4H,Base TV,365,441,3,0.0,0.0,-11.3208,-11.3208,0.0,0.041893,LONG,LONG,2026-03-13T00:00:00+00:00
STGUSDT,STG,4H,Base TV,365,441,4,0.0,0.0,-21.3599,-21.3599,0.0,0.1849,LONG,NONE,2026-03-13T00:00:00+00:00
SUPERUSDT,SUPER,4H,Base TV,365,441,1,0.0,0.0,-5.6604,-5.6604,0.0,0.1164,SHORT,NONE,2026-03-13T00:00:00+00:00
TACUSDT,TAC,4H,Base TV,365,441,1,0.0,0.0,-5.6604,-5.6604,0.0,0.004086,LONG,NONE,2026-03-13T00:00:00+00:00
TAIKOUSDT,TAIKO,4H,Base TV,365,441,0,0.0,inf,0.0,0.0,0.0,0.1224,LONG,NONE,2026-03-13T00:00:00+00:00
THETAUSDT,THETA,4H,Base TV,365,441,3,0.0,0.0,-16.3403,-16.3403,0.0,0.1807,SHORT,NONE,2026-03-13T00:00:00+00:00
TAOUSDT,TAO,4H,Base TV,365,441,0,0.0,inf,0.0,0.0,0.0,221.75,LONG,NONE,2026-03-13T00:00:00+00:00
TLMUSDT,TLM,4H,Base TV,365,441,0,0.0,inf,0.0,0.0,0.0,0.001711,LONG,NONE,2026-03-13T00:00:00+00:00
TRBUSDT,TRB,4H,Base TV,365,441,2,0.0,0.0,-11.3208,-11.3208,0.0,16.391,LONG,NONE,2026-03-13T00:00:00+00:00
TNSRUSDT,TNSR,4H,Base TV,365,441,1,0.0,0.0,-5.6604,-5.6604,0.0,0.04678,LONG,NONE,2026-03-13T00:00:00+00:00
TREEUSDT,TREE,4H,Base TV,365,441,2,0.0,0.0,-11.3208,-11.3208,0.0,0.0691,LONG,NONE,2026-03-13T00:00:00+00:00
TOWNSUSDT,TOWNS,4H,Base TV,365,441,2,0.0,0.0,-11.3208,-11.3208,0.0,0.003717,LONG,NONE,2026-03-13T00:00:00+00:00
TSTBSCUSDT,TSTBSC,4H,Base TV,365,441,0,0.0,inf,0.0,0.0,0.0,0.01023,LONG,NONE,2026-03-13T00:00:00+00:00
TURBOUSDT,TURBO,4H,Base TV,365,441,2,0.0,0.0,-11.3208,-11.3208,0.0,0.001202,LONG,NONE,2026-03-13T00:00:00+00:00
TRUSTUSDT,TRUST,4H,Base TV,365,441,1,0.0,0.0,-6.0,-6.0,0.0,0.07028,SHORT,NONE,2026-03-13T00:00:00+00:00
TUTUSDT,TUT,4H,Base TV,365,441,1,0.0,0.0,-5.6604,-5.6604,0.0,0.01127,LONG,NONE,2026-03-13T00:00:00+00:00
UMAUSDT,UMA,4H,Base TV,365,441,0,0.0,inf,0.0,0.0,0.0,0.4275,SHORT,NONE,2026-03-13T00:00:00+00:00
TUSDT,T,4H,Base TV,365,441,1,0.0,0.0,-5.2476,-5.2476,0.0,0.00668,LONG,NONE,2026-03-13T00:00:00+00:00
USELESSUSDT,USELESS,4H,Base TV,365,441,0,0.0,inf,0.0,0.0,0.0,0.03989,SHORT,NONE,2026-03-13T00:00:00+00:00
USTCUSDT,USTC,4H,Base TV,365,441,0,0.0,inf,0.0,0.0,0.0,0.00506,SHORT,NONE,2026-03-13T00:00:00+00:00
USUALUSDT,USUAL,4H,Base TV,365,441,0,0.0,inf,0.0,0.0,0.0,0.01488,SHORT,NONE,2026-03-13T00:00:00+00:00
VANRYUSDT,VANRY,4H,Base TV,365,441,1,0.0,0.0,-6.0,-6.0,0.0,0.005061,LONG,NONE,2026-03-13T00:00:00+00:00
VANAUSDT,VANA,4H,Base TV,365,441,2,0.0,0.0,-11.3208,-11.3208,0.0,1.43,SHORT,NONE,2026-03-13T00:00:00+00:00
VINEUSDT,VINE,4H,Base TV,365,441,0,0.0,inf,0.0,0.0,0.0,0.01865,LONG,NONE,2026-03-13T00:00:00+00:00
VICUSDT,VIC,4H,Base TV,365,441,0,0.0,inf,0.0,0.0,0.0,0.04768,LONG,NONE,2026-03-13T00:00:00+00:00
VTHOUSDT,VTHO,4H,Base TV,365,441,0,0.0,inf,0.0,0.0,0.0,0.0005924,LONG,NONE,2026-03-13T00:00:00+00:00
WALUSDT,WAL,4H,Base TV,365,441,2,0.0,0.0,-11.3208,-11.3208,0.0,0.08,LONG,NONE,2026-03-13T00:00:00+00:00
WETUSDT,WET,4H,Base TV,365,441,0,0.0,inf,0.0,0.0,0.0,0.10683,LONG,NONE,2026-03-13T00:00:00+00:00
XMRUSDT,XMR,4H,Base TV,365,441,0,0.0,inf,0.0,0.0,0.0,355.7,SHORT,NONE,2026-03-13T00:00:00+00:00
XPDUSDT,XPD,4H,Base TV,365,152,0,0.0,inf,0.0,0.0,0.0,1639.14,LONG,NONE,2026-03-13T00:00:00+00:00
XVGUSDT,XVG,4H,Base TV,365,441,0,0.0,inf,0.0,0.0,0.0,0.005132,SHORT,NONE,2026-03-13T00:00:00+00:00
YBUSDT,YB,4H,Base TV,365,441,0,0.0,inf,0.0,0.0,0.0,0.1634,SHORT,NONE,2026-03-13T00:00:00+00:00
ZBCNUSDT,ZBCN,4H,Base TV,365,441,0,0.0,inf,0.0,0.0,0.0,0.0020052,SHORT,NONE,2026-03-13T00:00:00+00:00
YGGUSDT,YGG,4H,Base TV,365,441,0,0.0,inf,0.0,0.0,0.0,0.04026,LONG,NONE,2026-03-13T00:00:00+00:00
ZENUSDT,ZEN,4H,Base TV,365,441,0,0.0,inf,0.0,0.0,0.0,5.54,SHORT,NONE,2026-03-13T00:00:00+00:00
ZBTUSDT,ZBT,4H,Base TV,365,441,0,0.0,inf,0.0,0.0,0.0,0.0747,LONG,NONE,2026-03-13T00:00:00+00:00
ZILUSDT,ZIL,4H,Base TV,365,441,1,0.0,0.0,-5.6604,-5.6604,0.0,0.004253,SHORT,NONE,2026-03-13T00:00:00+00:00
ZETAUSDT,ZETA,4H,Base TV,365,441,2,0.0,0.0,-11.0004,-11.0004,0.0,0.05048,SHORT,NONE,2026-03-13T00:00:00+00:00
ZKCUSDT,ZKC,4H,Base TV,365,441,1,0.0,0.0,-6.0,-6.0,0.0,0.0846,LONG,NONE,2026-03-13T00:00:00+00:00
ZKPUSDT,ZKP,4H,Base TV,365,391,1,0.0,0.0,-6.0,-6.0,0.0,0.08569,SHORT,NONE,2026-03-13T00:00:00+00:00
ZKUSDT,ZK,4H,Base TV,365,441,0,0.0,inf,0.0,0.0,0.0,0.01949,LONG,NONE,2026-03-13T00:00:00+00:00
ZROUSDT,ZRO,4H,Base TV,365,441,4,0.0,0.0,-21.3599,-21.3599,0.0,2.0721,LONG,NONE,2026-03-13T00:00:00+00:00
